// Generated by tools/xr-vulkan/build-shaders.py. SGSR: see LICENSE-SGSR.txt. Lightweight AA is project-local.
#pragma once
#include <cstdint>
namespace xrimmersive {
inline constexpr uint32_t presentVertex[]={
0x7230203,0x10300,0x8000b,0x2e,0x0,0x20011,0x1,0x6000b,
0x1,0x4c534c47,0x6474732e,0x3035342e,0x0,0x3000e,0x0,0x1,
0x8000f,0x0,0x4,0x6e69616d,0x0,0xc,0x18,0x20,
0x30003,0x2,0x1c2,0x40005,0x4,0x6e69616d,0x0,0x30005,
0x9,0x71,0x60005,0xc,0x565f6c67,0x65747265,0x646e4978,0x7865,
0x50005,0x18,0x65726373,0x76556e65,0x0,0x60005,0x1e,0x505f6c67,
0x65567265,0x78657472,0x0,0x60006,0x1e,0x0,0x505f6c67,0x7469736f,
0x6e6f69,0x70006,0x1e,0x1,0x505f6c67,0x746e696f,0x657a6953,0x0,
0x70006,0x1e,0x2,0x435f6c67,0x4470696c,0x61747369,0x65636e,0x70006,
0x1e,0x3,0x435f6c67,0x446c6c75,0x61747369,0x65636e,0x30005,0x20,
0x0,0x40047,0xc,0xb,0x2a,0x40047,0x18,0x1e,
0x0,0x30047,0x1e,0x2,0x50048,0x1e,0x0,0xb,
0x0,0x50048,0x1e,0x1,0xb,0x1,0x50048,0x1e,
0x2,0xb,0x3,0x50048,0x1e,0x3,0xb,0x4,
0x20013,0x2,0x30021,0x3,0x2,0x30016,0x6,0x20,
0x40017,0x7,0x6,0x2,0x40020,0x8,0x7,0x7,
0x40015,0xa,0x20,0x1,0x40020,0xb,0x1,0xa,
0x4003b,0xb,0xc,0x1,0x4002b,0xa,0xe,0x1,
0x4002b,0xa,0x10,0x2,0x40020,0x17,0x3,0x7,
0x4003b,0x17,0x18,0x3,0x40017,0x1a,0x6,0x4,
0x40015,0x1b,0x20,0x0,0x4002b,0x1b,0x1c,0x1,
0x4001c,0x1d,0x6,0x1c,0x6001e,0x1e,0x1a,0x6,
0x1d,0x1d,0x40020,0x1f,0x3,0x1e,0x4003b,0x1f,
0x20,0x3,0x4002b,0xa,0x21,0x0,0x4002b,0x6,
0x23,0x40000000,0x4002b,0x6,0x25,0x3f800000,0x4002b,0x6,
0x28,0x0,0x40020,0x2c,0x3,0x1a,0x50036,0x2,
0x4,0x0,0x3,0x200f8,0x5,0x4003b,0x8,0x9,
0x7,0x4003d,0xa,0xd,0xc,0x500c4,0xa,0xf,
0xd,0xe,0x500c7,0xa,0x11,0xf,0x10,0x4006f,
0x6,0x12,0x11,0x4003d,0xa,0x13,0xc,0x500c7,
0xa,0x14,0x13,0x10,0x4006f,0x6,0x15,0x14,
0x50050,0x7,0x16,0x12,0x15,0x3003e,0x9,0x16,
0x4003d,0x7,0x19,0x9,0x3003e,0x18,0x19,0x4003d,
0x7,0x22,0x9,0x5008e,0x7,0x24,0x22,0x23,
0x50050,0x7,0x26,0x25,0x25,0x50083,0x7,0x27,
0x24,0x26,0x50051,0x6,0x29,0x27,0x0,0x50051,
0x6,0x2a,0x27,0x1,0x70050,0x1a,0x2b,0x29,
0x2a,0x28,0x25,0x50041,0x2c,0x2d,0x20,0x21,
0x3003e,0x2d,0x2b,0x100fd,0x10038,
};
inline constexpr uint32_t presentMaskedVertex[]={
0x7230203,0x10300,0x8000b,0x22,0x0,0x20011,0x1,0x6000b,
0x1,0x4c534c47,0x6474732e,0x3035342e,0x0,0x3000e,0x0,0x1,
0x8000f,0x0,0x4,0x6e69616d,0x0,0x9,0xb,0x13,
0x30003,0x2,0x1c2,0x40005,0x4,0x6e69616d,0x0,0x50005,
0x9,0x65726373,0x76556e65,0x0,0x50005,0xb,0x69736f70,0x6e6f6974,
0x0,0x60005,0x11,0x505f6c67,0x65567265,0x78657472,0x0,0x60006,
0x11,0x0,0x505f6c67,0x7469736f,0x6e6f69,0x70006,0x11,0x1,
0x505f6c67,0x746e696f,0x657a6953,0x0,0x70006,0x11,0x2,0x435f6c67,
0x4470696c,0x61747369,0x65636e,0x70006,0x11,0x3,0x435f6c67,0x446c6c75,
0x61747369,0x65636e,0x30005,0x13,0x0,0x40047,0x9,0x1e,
0x0,0x40047,0xb,0x1e,0x0,0x30047,0x11,0x2,
0x50048,0x11,0x0,0xb,0x0,0x50048,0x11,0x1,
0xb,0x1,0x50048,0x11,0x2,0xb,0x3,0x50048,
0x11,0x3,0xb,0x4,0x20013,0x2,0x30021,0x3,
0x2,0x30016,0x6,0x20,0x40017,0x7,0x6,0x2,
0x40020,0x8,0x3,0x7,0x4003b,0x8,0x9,0x3,
0x40020,0xa,0x1,0x7,0x4003b,0xa,0xb,0x1,
0x40017,0xd,0x6,0x4,0x40015,0xe,0x20,0x0,
0x4002b,0xe,0xf,0x1,0x4001c,0x10,0x6,0xf,
0x6001e,0x11,0xd,0x6,0x10,0x10,0x40020,0x12,
0x3,0x11,0x4003b,0x12,0x13,0x3,0x40015,0x14,
0x20,0x1,0x4002b,0x14,0x15,0x0,0x4002b,0x6,
0x17,0x40000000,0x4002b,0x6,0x19,0x3f800000,0x4002b,0x6,
0x1c,0x0,0x40020,0x20,0x3,0xd,0x50036,0x2,
0x4,0x0,0x3,0x200f8,0x5,0x4003d,0x7,0xc,
0xb,0x3003e,0x9,0xc,0x4003d,0x7,0x16,0xb,
0x5008e,0x7,0x18,0x16,0x17,0x50050,0x7,0x1a,
0x19,0x19,0x50083,0x7,0x1b,0x18,0x1a,0x50051,
0x6,0x1d,0x1b,0x0,0x50051,0x6,0x1e,0x1b,
0x1,0x70050,0xd,0x1f,0x1d,0x1e,0x1c,0x19,
0x50041,0x20,0x21,0x13,0x15,0x3003e,0x21,0x1f,
0x100fd,0x10038,
};
inline constexpr uint32_t presentBasic[]={
0x7230203,0x10300,0x8000b,0x6b4,0x0,0x20011,0x1,0x6000b,
0x1,0x4c534c47,0x6474732e,0x3035342e,0x0,0x3000e,0x0,0x1,
0x7000f,0x4,0x4,0x6e69616d,0x0,0x3d6,0x5c0,0x30010,
0x4,0x7,0x30003,0x2,0x1c2,0x40005,0x4,0x6e69616d,
0x0,0x70005,0xb,0x6e617274,0x726f7073,0x28765574,0x3b326676,0x0,
0x40005,0xa,0x726f6f63,0x64,0x60005,0xe,0x746e6563,0x556c6172,
0x66762876,0x3b32,0x40005,0xd,0x726f6f63,0x64,0x60005,0x13,
0x6e656373,0x61655265,0x66762864,0x3b32,0x40005,0x12,0x726f6f63,0x64,
0x60005,0x1a,0x6e656373,0x74654665,0x76286863,0x3b3269,0x40005,0x19,
0x65786970,0x6c,0x70005,0x1d,0x6e656373,0x74614765,0x28726568,0x3b326676,
0x0,0x40005,0x1c,0x726f6f63,0x64,0x70005,0x22,0x74736166,
0x636e614c,0x32736f7a,0x3b316628,0x0,0x30005,0x21,0x78,0x80005,
0x29,0x67696577,0x28597468,0x663b3166,0x31663b31,0x3b31663b,0x0,0x30005,
0x25,0x7864,0x30005,0x26,0x7964,0x30005,0x27,0x63,
0x40005,0x28,0x61746164,0x0,0x60005,0x2c,0x68746167,0x79457265,
0x66762865,0x3b32,0x40005,0x2b,0x726f6f63,0x64,0x50005,0x2e,
0x63737075,0x28656c61,0x0,0x70005,0x34,0x65526161,0x76286461,0x763b3266,
0x763b3266,0x3b3266,0x40005,0x31,0x726f6f63,0x64,0x30005,0x32,
0x6f6c,0x30005,0x33,0x6968,0x50005,0x3a,0x754c6161,0x7628616d,
0x3b3366,0x30005,0x39,0x63,0x90005,0x41,0x6867696c,0x69657774,
0x41746867,0x66762841,0x66763b32,0x66763b34,0x3b34,0x30005,0x3e,0x736f70,
0x50005,0x3f,0x6769726f,0x6c616e69,0x0,0x60005,0x40,0x6f636572,
0x7274736e,0x65746375,0x64,0x70005,0x44,0x706d6173,0x6353656c,0x28656e65,
0x3b326676,0x0,0x30005,0x43,0x736f70,0x70005,0x48,0x656e696c,
0x6f437261,0x28726f6c,0x3b336676,0x0,0x30005,0x47,0x63,0x50005,
0x4e,0x61726150,0x6574656d,0x7372,0x50006,0x4e,0x0,0x706f7263,
0x0,0x60006,0x4e,0x1,0x77656976,0x74726f70,0x0,0x50006,
0x4e,0x2,0x6e756f62,0x7364,0x50006,0x4e,0x3,0x746e6f63,
0x6c6f72,0x50006,0x4e,0x4,0x67616c66,0x73,0x50006,0x4e,
0x5,0x746e6f63,0x746e65,0x60006,0x4e,0x6,0x61617866,0x63746150,
0x68,0x50006,0x4e,0x7,0x6b636170,0x676e69,0x50005,0x50,
0x61507278,0x736d6172,0x0,0x30005,0x79,0x307370,0x50005,0x7c,
0x6b636170,0x6e496465,0x747570,0x40005,0x80,0x61726170,0x6d,0x40005,
0x96,0x61726170,0x6d,0x30005,0xab,0x776f6c,0x40005,0xc4,
0x61726170,0x6d,0x40005,0xcb,0x65786970,0x6c,0x40005,0xe3,
0x61726170,0x6d,0x40005,0xf4,0x61726170,0x6d,0x40005,0x103,
0x61726170,0x6d,0x40005,0x110,0x61726170,0x6d,0x30005,0x116,
0x4177,0x30005,0x11a,0x4277,0x30005,0x128,0x647473,0x30005,
0x12a,0x78,0x30005,0x13a,0x77,0x40005,0x13b,0x61726170,
0x6d,0x60005,0x145,0x746e6563,0x536c6172,0x6c706d61,0x676e69,0x40005,
0x156,0x61726170,0x6d,0x30005,0x15a,0x70,0x40005,0x177,
0x61726170,0x6d,0x40005,0x186,0x61726170,0x6d,0x40005,0x194,
0x61726170,0x6d,0x40005,0x1a2,0x61726170,0x6d,0x40005,0x1af,
0x61726170,0x6d,0x40005,0x1b6,0x65646f6d,0x0,0x60005,0x1b7,
0x65676465,0x65726854,0x6c6f6873,0x64,0x60005,0x1b9,0x65676465,0x72616853,
0x73656e70,0x73,0x40005,0x1c0,0x746e6563,0x7265,0x30005,0x1c2,
0x7675,0x50005,0x1db,0x75706e69,0x6c6f4374,0x726f,0x50005,0x1dd,
0x65436161,0x7265746e,0x0,0x40005,0x1df,0x6f6c6f63,0x72,0x40005,
0x1e1,0x53657965,0x657a69,0x50005,0x1ed,0x50657965,0x7469736f,0x6e6f69,
0x40005,0x1fb,0x69646172,0x6c61,0x60005,0x200,0x69646172,0x71537375,
0x65726175,0x64,0x50005,0x204,0x72736773,0x67696557,0x7468,0x50005,
0x216,0x43676d69,0x64726f6f,0x0,0x60005,0x21f,0x43676d69,0x64726f6f,
0x65786950,0x6c,0x40005,0x222,0x726f6f63,0x64,0x50005,0x228,
0x68746167,0x74537265,0x7065,0x40005,0x22e,0x61726170,0x6d,0x30005,
0x236,0x6c70,0x40005,0x23b,0x7466656c,0x0,0x40005,0x23c,
0x61726170,0x6d,0x50005,0x23f,0x65676465,0x65746f56,0x0,0x40005,
0x262,0x68676972,0x74,0x40005,0x268,0x61726170,0x6d,0x40005,
0x26a,0x6f447075,0x6e77,0x40005,0x271,0x61726170,0x6d,0x40005,
0x27d,0x61726170,0x6d,0x40005,0x285,0x6e61656d,0x0,0x30005,
0x2a5,0x6d7573,0x40005,0x2d5,0x61746164,0x0,0x30005,0x2db,
0x595761,0x40005,0x2df,0x61726170,0x6d,0x40005,0x2e2,0x61726170,
0x6d,0x40005,0x2e3,0x61726170,0x6d,0x40005,0x2e6,0x61726170,
0x6d,0x40005,0x2ef,0x61726170,0x6d,0x40005,0x2f0,0x61726170,
0x6d,0x40005,0x2f1,0x61726170,0x6d,0x40005,0x2f4,0x61726170,
0x6d,0x40005,0x2ff,0x61726170,0x6d,0x40005,0x300,0x61726170,
0x6d,0x40005,0x301,0x61726170,0x6d,0x40005,0x304,0x61726170,
0x6d,0x40005,0x30c,0x61726170,0x6d,0x40005,0x30f,0x61726170,
0x6d,0x40005,0x310,0x61726170,0x6d,0x40005,0x313,0x61726170,
0x6d,0x40005,0x31e,0x61726170,0x6d,0x40005,0x31f,0x61726170,
0x6d,0x40005,0x320,0x61726170,0x6d,0x40005,0x323,0x61726170,
0x6d,0x40005,0x32b,0x61726170,0x6d,0x40005,0x32e,0x61726170,
0x6d,0x40005,0x32f,0x61726170,0x6d,0x40005,0x332,0x61726170,
0x6d,0x40005,0x337,0x61726170,0x6d,0x40005,0x33a,0x61726170,
0x6d,0x40005,0x33d,0x61726170,0x6d,0x40005,0x340,0x61726170,
0x6d,0x40005,0x348,0x61726170,0x6d,0x40005,0x349,0x61726170,
0x6d,0x40005,0x34c,0x61726170,0x6d,0x40005,0x34f,0x61726170,
0x6d,0x40005,0x35a,0x61726170,0x6d,0x40005,0x35b,0x61726170,
0x6d,0x40005,0x35c,0x61726170,0x6d,0x40005,0x35f,0x61726170,
0x6d,0x40005,0x36a,0x61726170,0x6d,0x40005,0x36b,0x61726170,
0x6d,0x40005,0x36c,0x61726170,0x6d,0x40005,0x36f,0x61726170,
0x6d,0x40005,0x377,0x61726170,0x6d,0x40005,0x378,0x61726170,
0x6d,0x40005,0x37b,0x61726170,0x6d,0x40005,0x37e,0x61726170,
0x6d,0x40005,0x386,0x61726170,0x6d,0x40005,0x387,0x61726170,
0x6d,0x40005,0x38a,0x61726170,0x6d,0x40005,0x38d,0x61726170,
0x6d,0x40005,0x392,0x616e6966,0x596c,0x40005,0x398,0x5978616d,
0x0,0x40005,0x3a4,0x596e696d,0x0,0x40005,0x3b6,0x746c6564,
0x5961,0x50005,0x3d6,0x5f74756f,0x67726154,0x307465,0x40005,0x3e4,
0x61726170,0x6d,0x40005,0x3fa,0x69646172,0x6c61,0x60005,0x411,
0x69646172,0x71537375,0x65726175,0x64,0x40005,0x41b,0x67696577,0x7468,
0x30005,0x41f,0x6f6c,0x30005,0x429,0x6968,0x40005,0x433,
0x70657473,0x7655,0x40005,0x439,0x61726170,0x6d,0x30005,0x441,
0x776e,0x40005,0x448,0x61726170,0x6d,0x40005,0x449,0x61726170,
0x6d,0x40005,0x44b,0x61726170,0x6d,0x40005,0x44e,0x61726170,
0x6d,0x30005,0x451,0x656e,0x40005,0x457,0x61726170,0x6d,
0x40005,0x458,0x61726170,0x6d,0x40005,0x45a,0x61726170,0x6d,
0x40005,0x45d,0x61726170,0x6d,0x30005,0x460,0x7773,0x40005,
0x466,0x61726170,0x6d,0x40005,0x467,0x61726170,0x6d,0x40005,
0x469,0x61726170,0x6d,0x40005,0x46c,0x61726170,0x6d,0x30005,
0x46f,0x6573,0x40005,0x475,0x61726170,0x6d,0x40005,0x476,
0x61726170,0x6d,0x40005,0x478,0x61726170,0x6d,0x40005,0x47b,
0x61726170,0x6d,0x30005,0x47e,0x6d,0x40005,0x47f,0x61726170,
0x6d,0x30005,0x483,0x776f6c,0x40005,0x48d,0x68676968,0x0,
0x50005,0x497,0x746e6f63,0x74736172,0x0,0x40005,0x4a6,0x676e6174,
0x746e65,0x40005,0x4b6,0x75646572,0x6563,0x50005,0x4c2,0x664f6161,
0x74657366,0x0,0x50005,0x4d8,0x746c6966,0x64657265,0x0,0x40005,
0x4dc,0x61726170,0x6d,0x40005,0x4dd,0x61726170,0x6d,0x40005,
0x4df,0x61726170,0x6d,0x40005,0x4e6,0x61726170,0x6d,0x40005,
0x4e7,0x61726170,0x6d,0x40005,0x4e9,0x61726170,0x6d,0x50005,
0x4ef,0x666e6f63,0x6e656469,0x6563,0x30005,0x513,0x6f6c,0x30005,
0x51d,0x6968,0x40005,0x527,0x746e6563,0x7265,0x40005,0x52c,
0x61726170,0x6d,0x40005,0x52f,0x75736572,0x746c,0x50005,0x538,
0x61617866,0x62616e45,0x64656c,0x40005,0x542,0x61726170,0x6d,0x40005,
0x544,0x61726170,0x6d,0x40005,0x546,0x61726170,0x6d,0x40005,
0x549,0x69646172,0x6c61,0x40005,0x560,0x746e6974,0x0,0x40005,
0x563,0x75626564,0x67,0x40005,0x57b,0x67696577,0x7468,0x30005,
0x5be,0x71,0x50005,0x5c0,0x65726373,0x76556e65,0x0,0x40005,
0x5ca,0x69736e69,0x6564,0x40005,0x5d4,0x656d6167,0x0,0x40005,
0x5e3,0x7265766f,0x79616c,0x60005,0x5e4,0x7265766f,0x5479616c,0x75747865,
0x6572,0x30005,0x5e8,0x63,0x40005,0x5ef,0x61726170,0x6d,
0x40005,0x5f3,0x61726170,0x6d,0x40005,0x608,0x61726170,0x6d,
0x30005,0x630,0x71,0x50005,0x643,0x666c6168,0x65786554,0x6c,
0x40005,0x64f,0x6d616c63,0x646570,0x40005,0x656,0x61726170,0x6d,
0x30005,0x66c,0x61,0x40005,0x682,0x61726170,0x6d,0x40005,
0x68e,0x61726170,0x6d,0x40005,0x69a,0x61726170,0x6d,0x40005,
0x6a6,0x61726170,0x6d,0x30047,0x13,0x0,0x30047,0x1a,
0x0,0x30047,0x1d,0x0,0x30047,0x21,0x0,0x30047,
0x22,0x0,0x30047,0x25,0x0,0x30047,0x26,0x0,
0x30047,0x27,0x0,0x30047,0x28,0x0,0x30047,0x29,
0x0,0x30047,0x2c,0x0,0x30047,0x34,0x0,0x30047,
0x39,0x0,0x30047,0x3a,0x0,0x30047,0x3f,0x0,
0x30047,0x40,0x0,0x30047,0x41,0x0,0x30047,0x44,
0x0,0x30047,0x47,0x0,0x30047,0x48,0x0,0x30047,
0x4e,0x2,0x50048,0x4e,0x0,0x23,0x0,0x50048,
0x4e,0x1,0x23,0x10,0x50048,0x4e,0x2,0x23,
0x20,0x50048,0x4e,0x3,0x23,0x30,0x50048,0x4e,
0x4,0x23,0x40,0x50048,0x4e,0x5,0x23,0x50,
0x50048,0x4e,0x6,0x23,0x60,0x50048,0x4e,0x7,
0x23,0x70,0x40047,0x79,0x21,0x0,0x40047,0x79,
0x22,0x0,0x40047,0x7c,0x1,0x1,0x30047,0x87,
0x0,0x30047,0x88,0x0,0x30047,0x97,0x0,0x30047,
0x9e,0x0,0x30047,0x9f,0x0,0x30047,0xa8,0x0,
0x30047,0xa9,0x0,0x30047,0xc8,0x0,0x30047,0xc9,
0x0,0x30047,0xe4,0x0,0x30047,0xe7,0x0,0x30047,
0xf5,0x0,0x30047,0xf6,0x0,0x30047,0x104,0x0,
0x30047,0x105,0x0,0x30047,0x111,0x0,0x30047,0x112,
0x0,0x30047,0x113,0x0,0x30047,0x116,0x0,0x30047,
0x117,0x0,0x30047,0x119,0x0,0x30047,0x11a,0x0,
0x30047,0x11b,0x0,0x30047,0x11c,0x0,0x30047,0x11d,
0x0,0x30047,0x11e,0x0,0x30047,0x11f,0x0,0x30047,
0x120,0x0,0x30047,0x121,0x0,0x30047,0x122,0x0,
0x30047,0x123,0x0,0x30047,0x124,0x0,0x30047,0x125,
0x0,0x30047,0x128,0x0,0x30047,0x129,0x0,0x30047,
0x12a,0x0,0x30047,0x12b,0x0,0x30047,0x12c,0x0,
0x30047,0x12d,0x0,0x30047,0x12e,0x0,0x30047,0x12f,
0x0,0x30047,0x130,0x0,0x30047,0x131,0x0,0x30047,
0x133,0x0,0x30047,0x134,0x0,0x30047,0x135,0x0,
0x30047,0x136,0x0,0x30047,0x137,0x0,0x30047,0x138,
0x0,0x30047,0x139,0x0,0x30047,0x13a,0x0,0x30047,
0x13b,0x0,0x30047,0x13c,0x0,0x30047,0x13d,0x0,
0x30047,0x13e,0x0,0x30047,0x13f,0x0,0x30047,0x140,
0x0,0x30047,0x141,0x0,0x30047,0x142,0x0,0x40047,
0x145,0x1,0x2,0x30047,0x14b,0x0,0x30047,0x14c,
0x0,0x30047,0x158,0x0,0x30047,0x179,0x0,0x30047,
0x187,0x0,0x30047,0x188,0x0,0x30047,0x195,0x0,
0x30047,0x196,0x0,0x30047,0x1a3,0x0,0x30047,0x1a4,
0x0,0x30047,0x1b0,0x0,0x30047,0x1b1,0x0,0x30047,
0x1b2,0x0,0x30047,0x1b7,0x0,0x30047,0x1b9,0x0,
0x30047,0x1db,0x0,0x30047,0x1dd,0x0,0x30047,0x1de,
0x0,0x30047,0x1df,0x0,0x30047,0x1e0,0x0,0x30047,
0x204,0x0,0x30047,0x236,0x0,0x30047,0x23b,0x0,
0x30047,0x23e,0x0,0x30047,0x23f,0x0,0x30047,0x242,
0x0,0x30047,0x244,0x0,0x30047,0x245,0x0,0x30047,
0x246,0x0,0x30047,0x249,0x0,0x30047,0x24b,0x0,
0x30047,0x24c,0x0,0x30047,0x24d,0x0,0x30047,0x24e,
0x0,0x30047,0x251,0x0,0x30047,0x253,0x0,0x30047,
0x254,0x0,0x30047,0x255,0x0,0x30047,0x256,0x0,
0x30047,0x257,0x0,0x30047,0x258,0x0,0x30047,0x262,
0x0,0x30047,0x269,0x0,0x30047,0x26a,0x0,0x30047,
0x272,0x0,0x30047,0x273,0x0,0x30047,0x27e,0x0,
0x30047,0x27f,0x0,0x30047,0x285,0x0,0x30047,0x287,
0x0,0x30047,0x289,0x0,0x30047,0x28a,0x0,0x30047,
0x28c,0x0,0x30047,0x28d,0x0,0x30047,0x28f,0x0,
0x30047,0x290,0x0,0x30047,0x292,0x0,0x30047,0x293,
0x0,0x30047,0x294,0x0,0x30047,0x295,0x0,0x30047,
0x296,0x0,0x30047,0x297,0x0,0x30047,0x298,0x0,
0x30047,0x299,0x0,0x30047,0x29a,0x0,0x30047,0x29b,
0x0,0x30047,0x29c,0x0,0x30047,0x29d,0x0,0x30047,
0x29e,0x0,0x30047,0x2a1,0x0,0x30047,0x2a2,0x0,
0x30047,0x2a3,0x0,0x30047,0x2a5,0x0,0x30047,0x2a7,
0x0,0x30047,0x2a8,0x0,0x30047,0x2aa,0x0,0x30047,
0x2ab,0x0,0x30047,0x2ac,0x0,0x30047,0x2ae,0x0,
0x30047,0x2af,0x0,0x30047,0x2b0,0x0,0x30047,0x2b2,
0x0,0x30047,0x2b3,0x0,0x30047,0x2b4,0x0,0x30047,
0x2b6,0x0,0x30047,0x2b7,0x0,0x30047,0x2b9,0x0,
0x30047,0x2ba,0x0,0x30047,0x2bb,0x0,0x30047,0x2bd,
0x0,0x30047,0x2be,0x0,0x30047,0x2bf,0x0,0x30047,
0x2c1,0x0,0x30047,0x2c2,0x0,0x30047,0x2c3,0x0,
0x30047,0x2c4,0x0,0x30047,0x2c6,0x0,0x30047,0x2c7,
0x0,0x30047,0x2c9,0x0,0x30047,0x2ca,0x0,0x30047,
0x2cb,0x0,0x30047,0x2cd,0x0,0x30047,0x2ce,0x0,
0x30047,0x2cf,0x0,0x30047,0x2d1,0x0,0x30047,0x2d2,
0x0,0x30047,0x2d3,0x0,0x30047,0x2d4,0x0,0x30047,
0x2d5,0x0,0x30047,0x2d7,0x0,0x30047,0x2d9,0x0,
0x30047,0x2da,0x0,0x30047,0x2db,0x0,0x30047,0x2dd,
0x0,0x30047,0x2de,0x0,0x30047,0x2df,0x0,0x30047,
0x2e1,0x0,0x30047,0x2e2,0x0,0x30047,0x2e3,0x0,
0x30047,0x2e5,0x0,0x30047,0x2e6,0x0,0x30047,0x2e7,
0x0,0x30047,0x2e8,0x0,0x30047,0x2ea,0x0,0x30047,
0x2eb,0x0,0x30047,0x2ed,0x0,0x30047,0x2ee,0x0,
0x30047,0x2ef,0x0,0x30047,0x2f0,0x0,0x30047,0x2f1,
0x0,0x30047,0x2f3,0x0,0x30047,0x2f4,0x0,0x30047,
0x2f5,0x0,0x30047,0x2f6,0x0,0x30047,0x2f7,0x0,
0x30047,0x2f8,0x0,0x30047,0x2fa,0x0,0x30047,0x2fb,
0x0,0x30047,0x2fd,0x0,0x30047,0x2fe,0x0,0x30047,
0x2ff,0x0,0x30047,0x300,0x0,0x30047,0x301,0x0,
0x30047,0x303,0x0,0x30047,0x304,0x0,0x30047,0x305,
0x0,0x30047,0x306,0x0,0x30047,0x307,0x0,0x30047,
0x308,0x0,0x30047,0x30a,0x0,0x30047,0x30b,0x0,
0x30047,0x30c,0x0,0x30047,0x30e,0x0,0x30047,0x30f,
0x0,0x30047,0x310,0x0,0x30047,0x312,0x0,0x30047,
0x313,0x0,0x30047,0x314,0x0,0x30047,0x315,0x0,
0x30047,0x316,0x0,0x30047,0x317,0x0,0x30047,0x319,
0x0,0x30047,0x31a,0x0,0x30047,0x31c,0x0,0x30047,
0x31d,0x0,0x30047,0x31e,0x0,0x30047,0x31f,0x0,
0x30047,0x320,0x0,0x30047,0x322,0x0,0x30047,0x323,
0x0,0x30047,0x324,0x0,0x30047,0x325,0x0,0x30047,
0x326,0x0,0x30047,0x327,0x0,0x30047,0x329,0x0,
0x30047,0x32a,0x0,0x30047,0x32b,0x0,0x30047,0x32d,
0x0,0x30047,0x32e,0x0,0x30047,0x32f,0x0,0x30047,
0x331,0x0,0x30047,0x332,0x0,0x30047,0x333,0x0,
0x30047,0x334,0x0,0x30047,0x335,0x0,0x30047,0x336,
0x0,0x30047,0x337,0x0,0x30047,0x339,0x0,0x30047,
0x33a,0x0,0x30047,0x33c,0x0,0x30047,0x33d,0x0,
0x30047,0x33f,0x0,0x30047,0x340,0x0,0x30047,0x341,
0x0,0x30047,0x342,0x0,0x30047,0x343,0x0,0x30047,
0x344,0x0,0x30047,0x346,0x0,0x30047,0x347,0x0,
0x30047,0x348,0x0,0x30047,0x349,0x0,0x30047,0x34b,
0x0,0x30047,0x34c,0x0,0x30047,0x34e,0x0,0x30047,
0x34f,0x0,0x30047,0x350,0x0,0x30047,0x351,0x0,
0x30047,0x352,0x0,0x30047,0x353,0x0,0x30047,0x355,
0x0,0x30047,0x356,0x0,0x30047,0x358,0x0,0x30047,
0x359,0x0,0x30047,0x35a,0x0,0x30047,0x35b,0x0,
0x30047,0x35c,0x0,0x30047,0x35e,0x0,0x30047,0x35f,
0x0,0x30047,0x360,0x0,0x30047,0x361,0x0,0x30047,
0x362,0x0,0x30047,0x363,0x0,0x30047,0x365,0x0,
0x30047,0x366,0x0,0x30047,0x368,0x0,0x30047,0x369,
0x0,0x30047,0x36a,0x0,0x30047,0x36b,0x0,0x30047,
0x36c,0x0,0x30047,0x36e,0x0,0x30047,0x36f,0x0,
0x30047,0x370,0x0,0x30047,0x371,0x0,0x30047,0x372,
0x0,0x30047,0x373,0x0,0x30047,0x375,0x0,0x30047,
0x376,0x0,0x30047,0x377,0x0,0x30047,0x378,0x0,
0x30047,0x37a,0x0,0x30047,0x37b,0x0,0x30047,0x37d,
0x0,0x30047,0x37e,0x0,0x30047,0x37f,0x0,0x30047,
0x380,0x0,0x30047,0x381,0x0,0x30047,0x382,0x0,
0x30047,0x384,0x0,0x30047,0x385,0x0,0x30047,0x386,
0x0,0x30047,0x387,0x0,0x30047,0x389,0x0,0x30047,
0x38a,0x0,0x30047,0x38c,0x0,0x30047,0x38d,0x0,
0x30047,0x38e,0x0,0x30047,0x38f,0x0,0x30047,0x390,
0x0,0x30047,0x391,0x0,0x30047,0x392,0x0,0x30047,
0x394,0x0,0x30047,0x396,0x0,0x30047,0x397,0x0,
0x30047,0x398,0x0,0x30047,0x39a,0x0,0x30047,0x39c,
0x0,0x30047,0x39d,0x0,0x30047,0x39f,0x0,0x30047,
0x3a1,0x0,0x30047,0x3a2,0x0,0x30047,0x3a3,0x0,
0x30047,0x3a4,0x0,0x30047,0x3a6,0x0,0x30047,0x3a8,
0x0,0x30047,0x3a9,0x0,0x30047,0x3ab,0x0,0x30047,
0x3ad,0x0,0x30047,0x3ae,0x0,0x30047,0x3af,0x0,
0x30047,0x3b0,0x0,0x30047,0x3b1,0x0,0x30047,0x3b2,
0x0,0x30047,0x3b3,0x0,0x30047,0x3b4,0x0,0x30047,
0x3b5,0x0,0x30047,0x3b6,0x0,0x30047,0x3b7,0x0,
0x30047,0x3b9,0x0,0x30047,0x3ba,0x0,0x30047,0x3bb,
0x0,0x30047,0x3be,0x0,0x30047,0x3bf,0x0,0x30047,
0x3c0,0x0,0x30047,0x3c1,0x0,0x30047,0x3c2,0x0,
0x30047,0x3c3,0x0,0x30047,0x3c4,0x0,0x30047,0x3c5,
0x0,0x30047,0x3c6,0x0,0x30047,0x3c7,0x0,0x30047,
0x3c8,0x0,0x30047,0x3c9,0x0,0x30047,0x3ca,0x0,
0x30047,0x3cb,0x0,0x30047,0x3d3,0x0,0x30047,0x3d6,
0x0,0x40047,0x3d6,0x1e,0x0,0x30047,0x3d7,0x0,
0x30047,0x3dd,0x0,0x30047,0x3de,0x0,0x30047,0x3e5,
0x0,0x30047,0x3eb,0x0,0x30047,0x3ee,0x0,0x30047,
0x3ef,0x0,0x30047,0x3f1,0x0,0x30047,0x3f2,0x0,
0x30047,0x3f7,0x0,0x30047,0x419,0x0,0x30047,0x41b,
0x0,0x30047,0x441,0x0,0x30047,0x44d,0x0,0x30047,
0x44e,0x0,0x30047,0x44f,0x0,0x30047,0x450,0x0,
0x30047,0x451,0x0,0x30047,0x45c,0x0,0x30047,0x45d,
0x0,0x30047,0x45e,0x0,0x30047,0x45f,0x0,0x30047,
0x460,0x0,0x30047,0x46b,0x0,0x30047,0x46c,0x0,
0x30047,0x46d,0x0,0x30047,0x46e,0x0,0x30047,0x46f,
0x0,0x30047,0x47a,0x0,0x30047,0x47b,0x0,0x30047,
0x47c,0x0,0x30047,0x47d,0x0,0x30047,0x47e,0x0,
0x30047,0x47f,0x0,0x30047,0x480,0x0,0x30047,0x481,
0x0,0x30047,0x482,0x0,0x30047,0x483,0x0,0x30047,
0x484,0x0,0x30047,0x485,0x0,0x30047,0x486,0x0,
0x30047,0x487,0x0,0x30047,0x488,0x0,0x30047,0x489,
0x0,0x30047,0x48a,0x0,0x30047,0x48b,0x0,0x30047,
0x48c,0x0,0x30047,0x48d,0x0,0x30047,0x48e,0x0,
0x30047,0x48f,0x0,0x30047,0x490,0x0,0x30047,0x491,
0x0,0x30047,0x492,0x0,0x30047,0x493,0x0,0x30047,
0x494,0x0,0x30047,0x495,0x0,0x30047,0x496,0x0,
0x30047,0x497,0x0,0x30047,0x498,0x0,0x30047,0x499,
0x0,0x30047,0x49a,0x0,0x30047,0x49b,0x0,0x30047,
0x49d,0x0,0x30047,0x49f,0x0,0x30047,0x4a0,0x0,
0x30047,0x4a4,0x0,0x30047,0x4a6,0x0,0x30047,0x4a7,
0x0,0x30047,0x4a8,0x0,0x30047,0x4a9,0x0,0x30047,
0x4aa,0x0,0x30047,0x4ab,0x0,0x30047,0x4ac,0x0,
0x30047,0x4ad,0x0,0x30047,0x4ae,0x0,0x30047,0x4af,
0x0,0x30047,0x4b0,0x0,0x30047,0x4b1,0x0,0x30047,
0x4b2,0x0,0x30047,0x4b3,0x0,0x30047,0x4b4,0x0,
0x30047,0x4b5,0x0,0x30047,0x4b6,0x0,0x30047,0x4b7,
0x0,0x30047,0x4b8,0x0,0x30047,0x4b9,0x0,0x30047,
0x4ba,0x0,0x30047,0x4bb,0x0,0x30047,0x4bc,0x0,
0x30047,0x4bd,0x0,0x30047,0x4bf,0x0,0x30047,0x4c1,
0x0,0x30047,0x4c3,0x0,0x30047,0x4c5,0x0,0x30047,
0x4c6,0x0,0x30047,0x4c8,0x0,0x30047,0x4c9,0x0,
0x30047,0x4ca,0x0,0x30047,0x4cb,0x0,0x30047,0x4cc,
0x0,0x30047,0x4cd,0x0,0x30047,0x4ce,0x0,0x30047,
0x4d2,0x0,0x30047,0x4d8,0x0,0x30047,0x4e1,0x0,
0x30047,0x4e2,0x0,0x30047,0x4eb,0x0,0x30047,0x4ec,
0x0,0x30047,0x4ed,0x0,0x30047,0x4ee,0x0,0x30047,
0x4ef,0x0,0x30047,0x4f0,0x0,0x30047,0x4f1,0x0,
0x30047,0x4f2,0x0,0x30047,0x4f4,0x0,0x30047,0x4f6,
0x0,0x30047,0x4f7,0x0,0x30047,0x4f8,0x0,0x30047,
0x4f9,0x0,0x30047,0x4fa,0x0,0x30047,0x4fb,0x0,
0x30047,0x4fc,0x0,0x30047,0x4fd,0x0,0x30047,0x4fe,
0x0,0x30047,0x4ff,0x0,0x30047,0x500,0x0,0x30047,
0x501,0x0,0x30047,0x503,0x0,0x30047,0x504,0x0,
0x30047,0x505,0x0,0x30047,0x506,0x0,0x30047,0x507,
0x0,0x30047,0x52e,0x0,0x30047,0x52f,0x0,0x30047,
0x530,0x0,0x30047,0x537,0x0,0x40047,0x538,0x1,
0x0,0x30047,0x544,0x0,0x30047,0x545,0x0,0x30047,
0x546,0x0,0x30047,0x547,0x0,0x30047,0x548,0x0,
0x30047,0x560,0x0,0x30047,0x57b,0x0,0x30047,0x583,
0x0,0x30047,0x584,0x0,0x30047,0x585,0x0,0x30047,
0x58a,0x0,0x30047,0x58b,0x0,0x30047,0x58f,0x0,
0x30047,0x592,0x0,0x30047,0x593,0x0,0x30047,0x595,
0x0,0x30047,0x596,0x0,0x30047,0x598,0x0,0x30047,
0x599,0x0,0x30047,0x5a0,0x0,0x30047,0x5a3,0x0,
0x30047,0x5a5,0x0,0x30047,0x5a6,0x0,0x30047,0x5a7,
0x0,0x30047,0x5a9,0x0,0x30047,0x5aa,0x0,0x30047,
0x5ac,0x0,0x30047,0x5ad,0x0,0x30047,0x5b0,0x0,
0x30047,0x5b1,0x0,0x30047,0x5b5,0x0,0x30047,0x5b6,
0x0,0x40047,0x5c0,0x1e,0x0,0x30047,0x5d4,0x0,
0x30047,0x5e3,0x0,0x40047,0x5e4,0x21,0x1,0x40047,
0x5e4,0x22,0x0,0x30047,0x5e8,0x0,0x30047,0x5ec,
0x0,0x30047,0x5ef,0x0,0x30047,0x5f0,0x0,0x30047,
0x5f1,0x0,0x30047,0x5f2,0x0,0x30047,0x5f3,0x0,
0x30047,0x5f4,0x0,0x30047,0x5f5,0x0,0x30047,0x5f6,
0x0,0x30047,0x5f8,0x0,0x30047,0x5f9,0x0,0x30047,
0x5fa,0x0,0x30047,0x5fc,0x0,0x30047,0x601,0x0,
0x30047,0x602,0x0,0x30047,0x603,0x0,0x30047,0x604,
0x0,0x30047,0x605,0x0,0x30047,0x606,0x0,0x30047,
0x608,0x0,0x30047,0x609,0x0,0x30047,0x60a,0x0,
0x30047,0x60b,0x0,0x30047,0x60d,0x0,0x30047,0x60e,
0x0,0x30047,0x60f,0x0,0x30047,0x610,0x0,0x30047,
0x611,0x0,0x30047,0x612,0x0,0x30047,0x618,0x0,
0x30047,0x619,0x0,0x30047,0x61a,0x0,0x30047,0x61b,
0x0,0x30047,0x61c,0x0,0x30047,0x61f,0x0,0x30047,
0x620,0x0,0x30047,0x621,0x0,0x30047,0x622,0x0,
0x30047,0x623,0x0,0x30047,0x624,0x0,0x30047,0x627,
0x0,0x30047,0x628,0x0,0x30047,0x658,0x0,0x30047,
0x677,0x0,0x30047,0x678,0x0,0x30047,0x683,0x0,
0x30047,0x684,0x0,0x30047,0x68f,0x0,0x30047,0x690,
0x0,0x30047,0x69b,0x0,0x30047,0x69c,0x0,0x30047,
0x6a7,0x0,0x30047,0x6a8,0x0,0x30047,0x6aa,0x0,
0x30047,0x6ab,0x0,0x30047,0x6b1,0x0,0x30047,0x6b2,
0x0,0x30047,0x6b3,0x0,0x20013,0x2,0x30021,0x3,
0x2,0x30016,0x6,0x20,0x40017,0x7,0x6,0x2,
0x40020,0x8,0x7,0x7,0x40021,0x9,0x7,0x8,
0x40017,0x10,0x6,0x4,0x40021,0x11,0x10,0x8,
0x40015,0x15,0x20,0x1,0x40017,0x16,0x15,0x2,
0x40020,0x17,0x7,0x16,0x40021,0x18,0x10,0x17,
0x40020,0x1f,0x7,0x6,0x40021,0x20,0x6,0x1f,
0x70021,0x24,0x7,0x1f,0x1f,0x1f,0x1f,0x60021,
0x30,0x10,0x8,0x8,0x8,0x40017,0x36,0x6,
0x3,0x40020,0x37,0x7,0x36,0x40021,0x38,0x6,
0x37,0x40020,0x3c,0x7,0x10,0x60021,0x3d,0x10,
0x8,0x3c,0x3c,0x40021,0x46,0x36,0x37,0x4002b,
0x6,0x4a,0x3f000000,0xa001e,0x4e,0x10,0x10,0x10,
0x10,0x10,0x10,0x10,0x10,0x40020,0x4f,0x9,
0x4e,0x4003b,0x4f,0x50,0x9,0x4002b,0x15,0x51,
0x7,0x40020,0x52,0x9,0x10,0x4002b,0x6,0x57,
0x0,0x5002c,0x7,0x58,0x57,0x57,0x4002b,0x6,
0x59,0x3f800000,0x4002b,0x6,0x5a,0x40000000,0x90019,0x76,
0x6,0x1,0x0,0x0,0x0,0x1,0x0,0x3001b,
0x77,0x76,0x40020,0x78,0x0,0x77,0x4003b,0x78,
0x79,0x0,0x20014,0x7b,0x30031,0x7b,0x7c,0x4002b,
0x15,0x91,0x1,0x4002b,0x15,0x9b,0x0,0x50034,
0x7b,0xa2,0xa8,0x7c,0x40017,0xb5,0x7b,0x2,
0x5002c,0x16,0xd6,0x9b,0x91,0x4002b,0x15,0xd8,
0x2,0x40017,0xdb,0x15,0x4,0x40015,0xe5,0x20,
0x0,0x4002b,0xe5,0xe6,0x1,0x5002c,0x16,0xe9,
0x91,0x91,0x5002c,0x16,0xf8,0x91,0x9b,0x4002b,
0x6,0x118,0x40800000,0x4002b,0x6,0x132,0x3f0ccccd,0x30031,
0x7b,0x145,0x7002c,0x10,0x150,0x57,0x57,0x59,
0x59,0x40017,0x151,0x7b,0x4,0x40020,0x1b5,0x7,
0x15,0x4002b,0x6,0x1b8,0x3c808081,0x4002b,0x15,0x1ba,
0x3,0x4002b,0xe5,0x1bb,0x0,0x40020,0x1bc,0x9,
0x6,0x40020,0x1c1,0x6,0x7,0x4003b,0x1c1,0x1c2,
0x6,0x40020,0x1dc,0x6,0x10,0x4003b,0x1dc,0x1dd,
0x6,0x4002b,0x6,0x205,0x3e4f5c29,0x4002b,0x6,0x206,
0x3e62339c,0x4002b,0x15,0x20f,0x4,0x4002b,0x6,0x21c,
0xbf000000,0x5002c,0x7,0x21d,0x21c,0x4a,0x4002b,0xe5,
0x240,0x2,0x4002b,0xe5,0x282,0x3,0x4002b,0x6,
0x291,0x3e800000,0x4002b,0x6,0x2d6,0x400ba2e8,0x4002b,0x6,
0x2d8,0x38d1b717,0x4002b,0x6,0x3bc,0xbdb8b8b9,0x4002b,0x6,
0x3bd,0x3db8b8b9,0x40020,0x3d5,0x3,0x10,0x4003b,0x3d5,
0x3d6,0x3,0x4002b,0x6,0x3f3,0x3e991687,0x4002b,0x6,
0x3f4,0x3f1645a2,0x4002b,0x6,0x3f5,0x3de978d5,0x6002c,0x36,
0x3f6,0x3f3,0x3f4,0x3f5,0x4002b,0x6,0x443,0xbf800000,
0x5002c,0x7,0x444,0x443,0x443,0x5002c,0x7,0x453,
0x59,0x443,0x5002c,0x7,0x462,0x443,0x59,0x5002c,
0x7,0x471,0x59,0x59,0x4002b,0x6,0x49c,0x3d23d70a,
0x4002b,0x6,0x49e,0x3e29fbe7,0x4002b,0x6,0x4be,0x3d000000,
0x4002b,0x6,0x4c0,0x3c000000,0x4002b,0x6,0x4cf,0xc0000000,
0x5002c,0x7,0x4d0,0x4cf,0x4cf,0x5002c,0x7,0x4d1,
0x5a,0x5a,0x4002b,0x6,0x4d5,0x40400000,0x4002b,0x6,
0x4f3,0x3da3d70a,0x4002b,0x6,0x4f5,0x3ea9fbe7,0x30030,0x7b,
0x538,0x4002b,0x15,0x53b,0x5,0x6002c,0x36,0x561,
0x57,0x57,0x57,0x40020,0x562,0x7,0x7b,0x3002a,
0x7b,0x564,0x4002b,0x15,0x565,0x6,0x6002c,0x36,
0x581,0x59,0x57,0x57,0x6002c,0x36,0x582,0x57,
0x57,0x59,0x30029,0x7b,0x586,0x4002b,0x6,0x597,
0x3eb33333,0x4002b,0x6,0x5a4,0x414eb852,0x4002b,0x6,0x5a8,
0x3d6147ae,0x4002b,0x6,0x5ab,0x3f870a3d,0x4002b,0x6,0x5ae,
0x4019999a,0x6002c,0x36,0x5af,0x5ae,0x5ae,0x5ae,0x4002b,
0x6,0x5b2,0x3d25aee6,0x6002c,0x36,0x5b3,0x5b2,0x5b2,
0x5b2,0x40017,0x5b4,0x7b,0x3,0x40020,0x5bf,0x1,
0x7,0x4003b,0x5bf,0x5c0,0x1,0x7002c,0x10,0x5e1,
0x57,0x57,0x57,0x59,0x4003b,0x78,0x5e4,0x0,
0x4002b,0x6,0x61d,0x3ed55555,0x6002c,0x36,0x61e,0x61d,
0x61d,0x61d,0x4002b,0x6,0x625,0x3b4d2e1c,0x6002c,0x36,
0x626,0x625,0x625,0x625,0x4002b,0x6,0x65b,0x3fc00000,
0x4002b,0x6,0x675,0x3ccccccd,0x4002b,0x6,0x6a9,0x41000000,
0x50036,0x2,0x4,0x0,0x3,0x200f8,0x5,0x4003b,
0x8,0x5be,0x7,0x4003b,0x562,0x5ca,0x7,0x4003b,
0x3c,0x5d4,0x7,0x4003b,0x3c,0x5da,0x7,0x4003b,
0x3c,0x5e3,0x7,0x4003b,0x3c,0x5e8,0x7,0x4003b,
0x3c,0x5ec,0x7,0x4003b,0x37,0x5ef,0x7,0x4003b,
0x37,0x5f3,0x7,0x4003b,0x1f,0x5fc,0x7,0x4003b,
0x37,0x608,0x7,0x4003b,0x8,0x630,0x7,0x4003b,
0x8,0x634,0x7,0x4003b,0x8,0x643,0x7,0x4003b,
0x8,0x64f,0x7,0x4003b,0x8,0x656,0x7,0x4003b,
0x1f,0x66c,0x7,0x4003b,0x8,0x682,0x7,0x4003b,
0x8,0x68e,0x7,0x4003b,0x8,0x69a,0x7,0x4003b,
0x8,0x6a6,0x7,0x60041,0x1bc,0x5b9,0x50,0x20f,
0x240,0x4003d,0x6,0x5ba,0x5b9,0x500ba,0x7b,0x5bb,
0x5ba,0x57,0x300f7,0x5bd,0x0,0x400fa,0x5bb,0x5bc,
0x62f,0x200f8,0x5bc,0x4003d,0x7,0x5c1,0x5c0,0x50050,
0x7,0x5c2,0x4a,0x4a,0x50083,0x7,0x5c3,0x5c1,
0x5c2,0x50041,0x52,0x5c4,0x50,0x53b,0x4003d,0x10,
0x5c5,0x5c4,0x7004f,0x7,0x5c6,0x5c5,0x5c5,0x0,
0x1,0x50088,0x7,0x5c7,0x5c3,0x5c6,0x50050,0x7,
0x5c8,0x4a,0x4a,0x50081,0x7,0x5c9,0x5c7,0x5c8,
0x3003e,0x5be,0x5c9,0x4003d,0x7,0x5cb,0x5be,0x500be,
0xb5,0x5cc,0x5cb,0x58,0x4009b,0x7b,0x5cd,0x5cc,
0x300f7,0x5cf,0x0,0x400fa,0x5cd,0x5ce,0x5cf,0x200f8,
0x5ce,0x4003d,0x7,0x5d0,0x5be,0x500bc,0xb5,0x5d1,
0x5d0,0x471,0x4009b,0x7b,0x5d2,0x5d1,0x200f9,0x5cf,
0x200f8,0x5cf,0x700f5,0x7b,0x5d3,0x5cd,0x5bc,0x5d2,
0x5ce,0x3003e,0x5ca,0x5d3,0x60041,0x1bc,0x5d5,0x50,
0x20f,0x282,0x4003d,0x6,0x5d6,0x5d5,0x500ba,0x7b,
0x5d7,0x5d6,0x57,0x4003d,0x7b,0x5d8,0x5ca,0x500a7,
0x7b,0x5d9,0x5d7,0x5d8,0x300f7,0x5dc,0x0,0x400fa,
0x5d9,0x5db,0x5e0,0x200f8,0x5db,0x4003d,0x77,0x5dd,
0x79,0x4003d,0x7,0x5de,0x5be,0x70058,0x10,0x5df,
0x5dd,0x5de,0x2,0x57,0x3003e,0x5da,0x5df,0x200f9,
0x5dc,0x200f8,0x5e0,0x3003e,0x5da,0x5e1,0x200f9,0x5dc,
0x200f8,0x5dc,0x4003d,0x10,0x5e2,0x5da,0x3003e,0x5d4,
0x5e2,0x4003d,0x77,0x5e5,0x5e4,0x4003d,0x7,0x5e6,
0x5c0,0x70058,0x10,0x5e7,0x5e5,0x5e6,0x2,0x57,
0x3003e,0x5e3,0x5e7,0x60041,0x1bc,0x5e9,0x50,0x20f,
0x282,0x4003d,0x6,0x5ea,0x5e9,0x500ba,0x7b,0x5eb,
0x5ea,0x57,0x300f7,0x5ee,0x0,0x400fa,0x5eb,0x5ed,
0x607,0x200f8,0x5ed,0x4003d,0x10,0x5f0,0x5d4,0x8004f,
0x36,0x5f1,0x5f0,0x5f0,0x0,0x1,0x2,0x3003e,
0x5ef,0x5f1,0x50039,0x36,0x5f2,0x48,0x5ef,0x4003d,
0x10,0x5f4,0x5e3,0x8004f,0x36,0x5f5,0x5f4,0x5f4,
0x0,0x1,0x2,0x3003e,0x5f3,0x5f5,0x50039,0x36,
0x5f6,0x48,0x5f3,0x50041,0x1f,0x5f7,0x5e3,0x282,
0x4003d,0x6,0x5f8,0x5f7,0x60050,0x36,0x5f9,0x5f8,
0x5f8,0x5f8,0x8000c,0x36,0x5fa,0x1,0x2e,0x5f2,
0x5f6,0x5f9,0x4003d,0x7b,0x5fb,0x5ca,0x300f7,0x5fe,
0x0,0x400fa,0x5fb,0x5fd,0x5ff,0x200f8,0x5fd,0x3003e,
0x5fc,0x59,0x200f9,0x5fe,0x200f8,0x5ff,0x50041,0x1f,
0x600,0x5e3,0x282,0x4003d,0x6,0x601,0x600,0x3003e,
0x5fc,0x601,0x200f9,0x5fe,0x200f8,0x5fe,0x4003d,0x6,
0x602,0x5fc,0x50051,0x6,0x603,0x5fa,0x0,0x50051,
0x6,0x604,0x5fa,0x1,0x50051,0x6,0x605,0x5fa,
0x2,0x70050,0x10,0x606,0x603,0x604,0x605,0x602,
0x3003e,0x5ec,0x606,0x200f9,0x5ee,0x200f8,0x607,0x4003d,
0x10,0x609,0x5e3,0x8004f,0x36,0x60a,0x609,0x609,
0x0,0x1,0x2,0x3003e,0x608,0x60a,0x50039,0x36,
0x60b,0x48,0x608,0x50041,0x1f,0x60c,0x5e3,0x282,
0x4003d,0x6,0x60d,0x60c,0x50051,0x6,0x60e,0x60b,
0x0,0x50051,0x6,0x60f,0x60b,0x1,0x50051,0x6,
0x610,0x60b,0x2,0x70050,0x10,0x611,0x60e,0x60f,
0x610,0x60d,0x3003e,0x5ec,0x611,0x200f9,0x5ee,0x200f8,
0x5ee,0x4003d,0x10,0x612,0x5ec,0x3003e,0x5e8,0x612,
0x60041,0x1bc,0x613,0x50,0x1ba,0x282,0x4003d,0x6,
0x614,0x613,0x500b4,0x7b,0x615,0x614,0x57,0x300f7,
0x617,0x0,0x400fa,0x615,0x616,0x617,0x200f8,0x616,
0x4003d,0x10,0x618,0x5e8,0x8004f,0x36,0x619,0x618,
0x618,0x0,0x1,0x2,0x5008e,0x36,0x61a,0x619,
0x5a4,0x4003d,0x10,0x61b,0x5e8,0x8004f,0x36,0x61c,
0x61b,0x61b,0x0,0x1,0x2,0x7000c,0x36,0x61f,
0x1,0x1a,0x61c,0x61e,0x5008e,0x36,0x620,0x61f,
0x5ab,0x60050,0x36,0x621,0x5a8,0x5a8,0x5a8,0x50083,
0x36,0x622,0x620,0x621,0x4003d,0x10,0x623,0x5e8,
0x8004f,0x36,0x624,0x623,0x623,0x0,0x1,0x2,
0x500ba,0x5b4,0x627,0x624,0x626,0x600a9,0x36,0x628,
0x627,0x622,0x61a,0x50041,0x1f,0x629,0x5e8,0x1bb,
0x50051,0x6,0x62a,0x628,0x0,0x3003e,0x629,0x62a,
0x50041,0x1f,0x62b,0x5e8,0xe6,0x50051,0x6,0x62c,
0x628,0x1,0x3003e,0x62b,0x62c,0x50041,0x1f,0x62d,
0x5e8,0x240,0x50051,0x6,0x62e,0x628,0x2,0x3003e,
0x62d,0x62e,0x200f9,0x617,0x200f8,0x617,0x200f9,0x5bd,
0x200f8,0x62f,0x60041,0x1bc,0x631,0x50,0x1ba,0x240,
0x4003d,0x6,0x632,0x631,0x500ba,0x7b,0x633,0x632,
0x57,0x300f7,0x636,0x0,0x400fa,0x633,0x635,0x640,
0x200f8,0x635,0x4003d,0x7,0x637,0x5c0,0x50050,0x7,
0x638,0x4a,0x4a,0x50083,0x7,0x639,0x637,0x638,
0x60041,0x1bc,0x63a,0x50,0x1ba,0xe6,0x4003d,0x6,
0x63b,0x63a,0x50050,0x7,0x63c,0x63b,0x63b,0x50088,
0x7,0x63d,0x639,0x63c,0x50050,0x7,0x63e,0x4a,
0x4a,0x50081,0x7,0x63f,0x63d,0x63e,0x3003e,0x634,
0x63f,0x200f9,0x636,0x200f8,0x640,0x4003d,0x7,0x641,
0x5c0,0x3003e,0x634,0x641,0x200f9,0x636,0x200f8,0x636,
0x4003d,0x7,0x642,0x634,0x3003e,0x630,0x642,0x50041,
0x52,0x644,0x50,0xd8,0x4003d,0x10,0x645,0x644,
0x7004f,0x7,0x646,0x645,0x645,0x2,0x3,0x50041,
0x52,0x647,0x50,0xd8,0x4003d,0x10,0x648,0x647,
0x7004f,0x7,0x649,0x648,0x648,0x0,0x1,0x50083,
0x7,0x64a,0x646,0x649,0x50050,0x7,0x64b,0x59,
0x59,0x50081,0x7,0x64c,0x64a,0x64b,0x50050,0x7,
0x64d,0x4a,0x4a,0x50088,0x7,0x64e,0x64d,0x64c,
0x3003e,0x643,0x64e,0x4003d,0x7,0x650,0x630,0x4003d,
0x7,0x651,0x643,0x4003d,0x7,0x652,0x643,0x50050,
0x7,0x653,0x59,0x59,0x50083,0x7,0x654,0x653,
0x652,0x8000c,0x7,0x655,0x1,0x2b,0x650,0x651,
0x654,0x3003e,0x64f,0x655,0x4003d,0x7,0x657,0x64f,
0x3003e,0x656,0x657,0x50039,0x10,0x658,0x44,0x656,
0x3003e,0x5e8,0x658,0x60041,0x1bc,0x659,0x50,0x1ba,
0x240,0x4003d,0x6,0x65a,0x659,0x500ba,0x7b,0x65c,
0x65a,0x65b,0x300f7,0x65e,0x0,0x400fa,0x65c,0x65d,
0x65e,0x200f8,0x65d,0x4003d,0x7,0x65f,0x630,0x500b8,
0xb5,0x660,0x65f,0x58,0x4009a,0x7b,0x661,0x660,
0x400a8,0x7b,0x662,0x661,0x300f7,0x664,0x0,0x400fa,
0x662,0x663,0x664,0x200f8,0x663,0x4003d,0x7,0x665,
0x630,0x500ba,0xb5,0x666,0x665,0x471,0x4009a,0x7b,
0x667,0x666,0x200f9,0x664,0x200f8,0x664,0x700f5,0x7b,
0x668,0x661,0x65d,0x667,0x663,0x200f9,0x65e,0x200f8,
0x65e,0x700f5,0x7b,0x669,0x65c,0x636,0x668,0x664,
0x300f7,0x66b,0x0,0x400fa,0x669,0x66a,0x66b,0x200f8,
0x66a,0x4003d,0x7,0x66d,0x630,0x4003d,0x7,0x66e,
0x630,0x50050,0x7,0x66f,0x57,0x57,0x50050,0x7,
0x670,0x59,0x59,0x8000c,0x7,0x671,0x1,0x2b,
0x66e,0x66f,0x670,0x50083,0x7,0x672,0x66d,0x671,
0x6000c,0x6,0x673,0x1,0x42,0x672,0x50085,0x6,
0x674,0x673,0x4a,0x7000c,0x6,0x676,0x1,0x25,
0x674,0x675,0x3003e,0x66c,0x676,0x4003d,0x10,0x677,
0x5e8,0x5008e,0x10,0x678,0x677,0x118,0x4003d,0x7,
0x679,0x64f,0x4003d,0x6,0x67a,0x66c,0x50050,0x7,
0x67b,0x67a,0x57,0x50081,0x7,0x67c,0x679,0x67b,
0x4003d,0x7,0x67d,0x643,0x4003d,0x7,0x67e,0x643,
0x50050,0x7,0x67f,0x59,0x59,0x50083,0x7,0x680,
0x67f,0x67e,0x8000c,0x7,0x681,0x1,0x2b,0x67c,
0x67d,0x680,0x3003e,0x682,0x681,0x50039,0x10,0x683,
0x44,0x682,0x50081,0x10,0x684,0x678,0x683,0x4003d,
0x7,0x685,0x64f,0x4003d,0x6,0x686,0x66c,0x50050,
0x7,0x687,0x686,0x57,0x50083,0x7,0x688,0x685,
0x687,0x4003d,0x7,0x689,0x643,0x4003d,0x7,0x68a,
0x643,0x50050,0x7,0x68b,0x59,0x59,0x50083,0x7,
0x68c,0x68b,0x68a,0x8000c,0x7,0x68d,0x1,0x2b,
0x688,0x689,0x68c,0x3003e,0x68e,0x68d,0x50039,0x10,
0x68f,0x44,0x68e,0x50081,0x10,0x690,0x684,0x68f,
0x4003d,0x7,0x691,0x64f,0x4003d,0x6,0x692,0x66c,
0x50050,0x7,0x693,0x57,0x692,0x50081,0x7,0x694,
0x691,0x693,0x4003d,0x7,0x695,0x643,0x4003d,0x7,
0x696,0x643,0x50050,0x7,0x697,0x59,0x59,0x50083,
0x7,0x698,0x697,0x696,0x8000c,0x7,0x699,0x1,
0x2b,0x694,0x695,0x698,0x3003e,0x69a,0x699,0x50039,
0x10,0x69b,0x44,0x69a,0x50081,0x10,0x69c,0x690,
0x69b,0x4003d,0x7,0x69d,0x64f,0x4003d,0x6,0x69e,
0x66c,0x50050,0x7,0x69f,0x57,0x69e,0x50083,0x7,
0x6a0,0x69d,0x69f,0x4003d,0x7,0x6a1,0x643,0x4003d,
0x7,0x6a2,0x643,0x50050,0x7,0x6a3,0x59,0x59,
0x50083,0x7,0x6a4,0x6a3,0x6a2,0x8000c,0x7,0x6a5,
0x1,0x2b,0x6a0,0x6a1,0x6a4,0x3003e,0x6a6,0x6a5,
0x50039,0x10,0x6a7,0x44,0x6a6,0x50081,0x10,0x6a8,
0x69c,0x6a7,0x70050,0x10,0x6aa,0x6a9,0x6a9,0x6a9,
0x6a9,0x50088,0x10,0x6ab,0x6a8,0x6aa,0x3003e,0x5e8,
0x6ab,0x200f9,0x66b,0x200f8,0x66b,0x60041,0x1bc,0x6ac,
0x50,0x20f,0xe6,0x4003d,0x6,0x6ad,0x6ac,0x500ba,
0x7b,0x6ae,0x6ad,0x57,0x300f7,0x6b0,0x0,0x400fa,
0x6ae,0x6af,0x6b0,0x200f8,0x6af,0x4003d,0x10,0x6b1,
0x5e8,0x9004f,0x10,0x6b2,0x6b1,0x6b1,0x2,0x1,
0x0,0x3,0x3003e,0x5e8,0x6b2,0x200f9,0x6b0,0x200f8,
0x6b0,0x200f9,0x5bd,0x200f8,0x5bd,0x4003d,0x10,0x6b3,
0x5e8,0x3003e,0x3d6,0x6b3,0x100fd,0x10038,0x50036,0x7,
0xb,0x0,0x9,0x30037,0x8,0xa,0x200f8,0xc,
0x4003d,0x7,0x4b,0xa,0x5008e,0x7,0x4c,0x4b,
0x4a,0x4003d,0x7,0x4d,0xa,0x50041,0x52,0x53,
0x50,0x51,0x4003d,0x10,0x54,0x53,0x7004f,0x7,
0x55,0x54,0x54,0x0,0x1,0x50083,0x7,0x56,
0x4d,0x55,0x50041,0x52,0x5b,0x50,0x51,0x4003d,
0x10,0x5c,0x5b,0x7004f,0x7,0x5d,0x5c,0x5c,
0x0,0x1,0x5008e,0x7,0x5e,0x5d,0x5a,0x50050,
0x7,0x5f,0x59,0x59,0x50083,0x7,0x60,0x5f,
0x5e,0x8000c,0x7,0x61,0x1,0x2b,0x56,0x58,
0x60,0x5008e,0x7,0x62,0x61,0x4a,0x50081,0x7,
0x63,0x4c,0x62,0x50041,0x52,0x64,0x50,0x51,
0x4003d,0x10,0x65,0x64,0x7004f,0x7,0x66,0x65,
0x65,0x2,0x3,0x50085,0x7,0x67,0x63,0x66,
0x200fe,0x67,0x10038,0x50036,0x7,0xe,0x0,0x9,
0x30037,0x8,0xd,0x200f8,0xf,0x4003d,0x7,0x6a,
0xd,0x50041,0x52,0x6b,0x50,0x51,0x4003d,0x10,
0x6c,0x6b,0x7004f,0x7,0x6d,0x6c,0x6c,0x0,
0x1,0x5008e,0x7,0x6e,0x6d,0x4a,0x50083,0x7,
0x6f,0x6a,0x6e,0x50041,0x52,0x70,0x50,0x51,
0x4003d,0x10,0x71,0x70,0x7004f,0x7,0x72,0x71,
0x71,0x2,0x3,0x50085,0x7,0x73,0x6f,0x72,
0x200fe,0x73,0x10038,0x50036,0x10,0x13,0x0,0x11,
0x30037,0x8,0x12,0x200f8,0x14,0x4003b,0x8,0x7d,
0x7,0x4003b,0x8,0x80,0x7,0x4003b,0x3c,0x87,
0x7,0x4003d,0x77,0x7a,0x79,0x300f7,0x7f,0x0,
0x400fa,0x7c,0x7e,0x83,0x200f8,0x7e,0x4003d,0x7,
0x81,0x12,0x3003e,0x80,0x81,0x50039,0x7,0x82,
0xb,0x80,0x3003e,0x7d,0x82,0x200f9,0x7f,0x200f8,
0x83,0x4003d,0x7,0x84,0x12,0x3003e,0x7d,0x84,
0x200f9,0x7f,0x200f8,0x7f,0x4003d,0x7,0x85,0x7d,
0x70058,0x10,0x86,0x7a,0x85,0x2,0x57,0x3003e,
0x87,0x86,0x4003d,0x10,0x88,0x87,0x200fe,0x88,
0x10038,0x50036,0x10,0x1a,0x0,0x18,0x30037,0x17,
0x19,0x200f8,0x1b,0x4003b,0x8,0x96,0x7,0x4003b,
0x3c,0x9e,0x7,0x300f7,0x8c,0x0,0x400fa,0x7c,
0x8b,0x8c,0x200f8,0x8b,0x4003d,0x16,0x8d,0x19,
0x4006f,0x7,0x8e,0x8d,0x50050,0x7,0x8f,0x4a,
0x4a,0x50081,0x7,0x90,0x8e,0x8f,0x50041,0x52,
0x92,0x50,0x91,0x4003d,0x10,0x93,0x92,0x7004f,
0x7,0x94,0x93,0x93,0x0,0x1,0x50085,0x7,
0x95,0x90,0x94,0x3003e,0x96,0x95,0x50039,0x10,
0x97,0x13,0x96,0x200fe,0x97,0x200f8,0x8c,0x4003d,
0x77,0x99,0x79,0x4003d,0x16,0x9a,0x19,0x40064,
0x76,0x9c,0x99,0x7005f,0x10,0x9d,0x9c,0x9a,
0x2,0x9b,0x3003e,0x9e,0x9d,0x4003d,0x10,0x9f,
0x9e,0x200fe,0x9f,0x10038,0x50036,0x10,0x1d,0x0,
0x11,0x30037,0x8,0x1c,0x200f8,0x1e,0x4003b,0x3c,
0xa8,0x7,0x4003b,0x8,0xab,0x7,0x4003b,0x8,
0xc4,0x7,0x4003b,0x3c,0xc8,0x7,0x4003b,0x17,
0xcb,0x7,0x4003b,0x17,0xe3,0x7,0x4003b,0x17,
0xf4,0x7,0x4003b,0x17,0x103,0x7,0x4003b,0x17,
0x110,0x7,0x300f7,0xa4,0x0,0x400fa,0xa2,0xa3,
0xa4,0x200f8,0xa3,0x4003d,0x77,0xa5,0x79,0x4003d,
0x7,0xa6,0x1c,0x60060,0x10,0xa7,0xa5,0xa6,
0x91,0x3003e,0xa8,0xa7,0x4003d,0x10,0xa9,0xa8,
0x200fe,0xa9,0x200f8,0xa4,0x50041,0x52,0xac,0x50,
0x51,0x4003d,0x10,0xad,0xac,0x7004f,0x7,0xae,
0xad,0xad,0x0,0x1,0x50041,0x52,0xaf,0x50,
0x91,0x4003d,0x10,0xb0,0xaf,0x7004f,0x7,0xb1,
0xb0,0xb0,0x0,0x1,0x50081,0x7,0xb2,0xae,
0xb1,0x3003e,0xab,0xb2,0x4003d,0x7,0xb3,0x1c,
0x4003d,0x7,0xb4,0xab,0x500ba,0xb5,0xb6,0xb3,
0xb4,0x4009b,0x7b,0xb7,0xb6,0x300f7,0xb9,0x0,
0x400fa,0xb7,0xb8,0xb9,0x200f8,0xb8,0x4003d,0x7,
0xba,0x1c,0x4003d,0x7,0xbb,0xab,0x50050,0x7,
0xbc,0x59,0x59,0x50083,0x7,0xbd,0xbc,0xbb,
0x500b8,0xb5,0xbe,0xba,0xbd,0x4009b,0x7b,0xbf,
0xbe,0x200f9,0xb9,0x200f8,0xb9,0x700f5,0x7b,0xc0,
0xb7,0xa4,0xbf,0xb8,0x300f7,0xc2,0x0,0x400fa,
0xc0,0xc1,0xc2,0x200f8,0xc1,0x4003d,0x77,0xc3,
0x79,0x4003d,0x7,0xc5,0x1c,0x3003e,0xc4,0xc5,
0x50039,0x7,0xc6,0xb,0xc4,0x60060,0x10,0xc7,
0xc3,0xc6,0x91,0x3003e,0xc8,0xc7,0x4003d,0x10,
0xc9,0xc8,0x200fe,0xc9,0x200f8,0xc2,0x4003d,0x7,
0xcc,0x1c,0x50041,0x52,0xcd,0x50,0x91,0x4003d,
0x10,0xce,0xcd,0x7004f,0x7,0xcf,0xce,0xce,
0x2,0x3,0x50085,0x7,0xd0,0xcc,0xcf,0x50050,
0x7,0xd1,0x4a,0x4a,0x50083,0x7,0xd2,0xd0,
0xd1,0x6000c,0x7,0xd3,0x1,0x8,0xd2,0x4006e,
0x16,0xd4,0xd3,0x3003e,0xcb,0xd4,0x4003d,0x16,
0xd5,0xcb,0x50080,0x16,0xd7,0xd5,0xd6,0x50041,
0x52,0xd9,0x50,0xd8,0x4003d,0x10,0xda,0xd9,
0x4006e,0xdb,0xdc,0xda,0x7004f,0x16,0xdd,0xdc,
0xdc,0x0,0x1,0x50041,0x52,0xde,0x50,0xd8,
0x4003d,0x10,0xdf,0xde,0x4006e,0xdb,0xe0,0xdf,
0x7004f,0x16,0xe1,0xe0,0xe0,0x2,0x3,0x8000c,
0x16,0xe2,0x1,0x2d,0xd7,0xdd,0xe1,0x3003e,
0xe3,0xe2,0x50039,0x10,0xe4,0x1a,0xe3,0x50051,
0x6,0xe7,0xe4,0x1,0x4003d,0x16,0xe8,0xcb,
0x50080,0x16,0xea,0xe8,0xe9,0x50041,0x52,0xeb,
0x50,0xd8,0x4003d,0x10,0xec,0xeb,0x4006e,0xdb,
0xed,0xec,0x7004f,0x16,0xee,0xed,0xed,0x0,
0x1,0x50041,0x52,0xef,0x50,0xd8,0x4003d,0x10,
0xf0,0xef,0x4006e,0xdb,0xf1,0xf0,0x7004f,0x16,
0xf2,0xf1,0xf1,0x2,0x3,0x8000c,0x16,0xf3,
0x1,0x2d,0xea,0xee,0xf2,0x3003e,0xf4,0xf3,
0x50039,0x10,0xf5,0x1a,0xf4,0x50051,0x6,0xf6,
0xf5,0x1,0x4003d,0x16,0xf7,0xcb,0x50080,0x16,
0xf9,0xf7,0xf8,0x50041,0x52,0xfa,0x50,0xd8,
0x4003d,0x10,0xfb,0xfa,0x4006e,0xdb,0xfc,0xfb,
0x7004f,0x16,0xfd,0xfc,0xfc,0x0,0x1,0x50041,
0x52,0xfe,0x50,0xd8,0x4003d,0x10,0xff,0xfe,
0x4006e,0xdb,0x100,0xff,0x7004f,0x16,0x101,0x100,
0x100,0x2,0x3,0x8000c,0x16,0x102,0x1,0x2d,
0xf9,0xfd,0x101,0x3003e,0x103,0x102,0x50039,0x10,
0x104,0x1a,0x103,0x50051,0x6,0x105,0x104,0x1,
0x4003d,0x16,0x106,0xcb,0x50041,0x52,0x107,0x50,
0xd8,0x4003d,0x10,0x108,0x107,0x4006e,0xdb,0x109,
0x108,0x7004f,0x16,0x10a,0x109,0x109,0x0,0x1,
0x50041,0x52,0x10b,0x50,0xd8,0x4003d,0x10,0x10c,
0x10b,0x4006e,0xdb,0x10d,0x10c,0x7004f,0x16,0x10e,
0x10d,0x10d,0x2,0x3,0x8000c,0x16,0x10f,0x1,
0x2d,0x106,0x10a,0x10e,0x3003e,0x110,0x10f,0x50039,
0x10,0x111,0x1a,0x110,0x50051,0x6,0x112,0x111,
0x1,0x70050,0x10,0x113,0xe7,0xf6,0x105,0x112,
0x200fe,0x113,0x10038,0x50036,0x6,0x22,0x0,0x20,
0x30037,0x1f,0x21,0x200f8,0x23,0x4003b,0x1f,0x116,
0x7,0x4003b,0x1f,0x11a,0x7,0x4003d,0x6,0x117,
0x21,0x50083,0x6,0x119,0x117,0x118,0x3003e,0x116,
0x119,0x4003d,0x6,0x11b,0x21,0x4003d,0x6,0x11c,
0x116,0x50085,0x6,0x11d,0x11b,0x11c,0x4003d,0x6,
0x11e,0x116,0x50083,0x6,0x11f,0x11d,0x11e,0x3003e,
0x11a,0x11f,0x4003d,0x6,0x120,0x116,0x4003d,0x6,
0x121,0x116,0x50085,0x6,0x122,0x121,0x120,0x3003e,
0x116,0x122,0x4003d,0x6,0x123,0x11a,0x4003d,0x6,
0x124,0x116,0x50085,0x6,0x125,0x123,0x124,0x200fe,
0x125,0x10038,0x50036,0x7,0x29,0x0,0x24,0x30037,
0x1f,0x25,0x30037,0x1f,0x26,0x30037,0x1f,0x27,
0x30037,0x1f,0x28,0x200f8,0x2a,0x4003b,0x1f,0x128,
0x7,0x4003b,0x1f,0x12a,0x7,0x4003b,0x1f,0x13a,
0x7,0x4003b,0x1f,0x13b,0x7,0x4003d,0x6,0x129,
0x28,0x3003e,0x128,0x129,0x4003d,0x6,0x12b,0x25,
0x4003d,0x6,0x12c,0x25,0x50085,0x6,0x12d,0x12b,
0x12c,0x4003d,0x6,0x12e,0x26,0x4003d,0x6,0x12f,
0x26,0x50085,0x6,0x130,0x12e,0x12f,0x50081,0x6,
0x131,0x12d,0x130,0x50085,0x6,0x133,0x131,0x132,
0x4003d,0x6,0x134,0x27,0x6000c,0x6,0x135,0x1,
0x4,0x134,0x4003d,0x6,0x136,0x128,0x50085,0x6,
0x137,0x135,0x136,0x8000c,0x6,0x138,0x1,0x2b,
0x137,0x57,0x59,0x50081,0x6,0x139,0x133,0x138,
0x3003e,0x12a,0x139,0x4003d,0x6,0x13c,0x12a,0x3003e,
0x13b,0x13c,0x50039,0x6,0x13d,0x22,0x13b,0x3003e,
0x13a,0x13d,0x4003d,0x6,0x13e,0x13a,0x4003d,0x6,
0x13f,0x13a,0x4003d,0x6,0x140,0x27,0x50085,0x6,
0x141,0x13f,0x140,0x50050,0x7,0x142,0x13e,0x141,
0x200fe,0x142,0x10038,0x50036,0x10,0x2c,0x0,0x11,
0x30037,0x8,0x2b,0x200f8,0x2d,0x4003b,0x3c,0x14b,
0x7,0x4003b,0x8,0x156,0x7,0x4003b,0x17,0x15a,
0x7,0x4003b,0x8,0x177,0x7,0x4003b,0x17,0x186,
0x7,0x4003b,0x17,0x194,0x7,0x4003b,0x17,0x1a2,
0x7,0x4003b,0x17,0x1af,0x7,0x300f7,0x147,0x0,
0x400fa,0x145,0x146,0x147,0x200f8,0x146,0x4003d,0x77,
0x148,0x79,0x4003d,0x7,0x149,0x2b,0x60060,0x10,
0x14a,0x148,0x149,0x91,0x3003e,0x14b,0x14a,0x4003d,
0x10,0x14c,0x14b,0x200fe,0x14c,0x200f8,0x147,0x50041,
0x52,0x14e,0x50,0x9b,0x4003d,0x10,0x14f,0x14e,
0x500b4,0x151,0x152,0x14f,0x150,0x4009b,0x7b,0x153,
0x152,0x300f7,0x155,0x0,0x400fa,0x153,0x154,0x155,
0x200f8,0x154,0x4003d,0x7,0x157,0x2b,0x3003e,0x156,
0x157,0x50039,0x10,0x158,0x1d,0x156,0x200fe,0x158,
0x200f8,0x155,0x4003d,0x7,0x15b,0x2b,0x50041,0x52,
0x15c,0x50,0x91,0x4003d,0x10,0x15d,0x15c,0x7004f,
0x7,0x15e,0x15d,0x15d,0x2,0x3,0x50085,0x7,
0x15f,0x15b,0x15e,0x50050,0x7,0x160,0x4a,0x4a,
0x50083,0x7,0x161,0x15f,0x160,0x6000c,0x7,0x162,
0x1,0x8,0x161,0x4006e,0x16,0x163,0x162,0x3003e,
0x15a,0x163,0x4003d,0x16,0x164,0x15a,0x50041,0x52,
0x165,0x50,0xd8,0x4003d,0x10,0x166,0x165,0x4006e,
0xdb,0x167,0x166,0x7004f,0x16,0x168,0x167,0x167,
0x0,0x1,0x500af,0xb5,0x169,0x164,0x168,0x4009b,
0x7b,0x16a,0x169,0x300f7,0x16c,0x0,0x400fa,0x16a,
0x16b,0x16c,0x200f8,0x16b,0x4003d,0x16,0x16d,0x15a,
0x50041,0x52,0x16e,0x50,0xd8,0x4003d,0x10,0x16f,
0x16e,0x4006e,0xdb,0x170,0x16f,0x7004f,0x16,0x171,
0x170,0x170,0x2,0x3,0x500b1,0xb5,0x172,0x16d,
0x171,0x4009b,0x7b,0x173,0x172,0x200f9,0x16c,0x200f8,
0x16c,0x700f5,0x7b,0x174,0x16a,0x155,0x173,0x16b,
0x300f7,0x176,0x0,0x400fa,0x174,0x175,0x176,0x200f8,
0x175,0x4003d,0x7,0x178,0x2b,0x3003e,0x177,0x178,
0x50039,0x10,0x179,0x1d,0x177,0x200fe,0x179,0x200f8,
0x176,0x4003d,0x16,0x17b,0x15a,0x50080,0x16,0x17c,
0x17b,0xd6,0x50041,0x52,0x17d,0x50,0xd8,0x4003d,
0x10,0x17e,0x17d,0x4006e,0xdb,0x17f,0x17e,0x7004f,
0x16,0x180,0x17f,0x17f,0x0,0x1,0x50041,0x52,
0x181,0x50,0xd8,0x4003d,0x10,0x182,0x181,0x4006e,
0xdb,0x183,0x182,0x7004f,0x16,0x184,0x183,0x183,
0x2,0x3,0x8000c,0x16,0x185,0x1,0x2d,0x17c,
0x180,0x184,0x3003e,0x186,0x185,0x50039,0x10,0x187,
0x1a,0x186,0x50051,0x6,0x188,0x187,0x1,0x4003d,
0x16,0x189,0x15a,0x50080,0x16,0x18a,0x189,0xe9,
0x50041,0x52,0x18b,0x50,0xd8,0x4003d,0x10,0x18c,
0x18b,0x4006e,0xdb,0x18d,0x18c,0x7004f,0x16,0x18e,
0x18d,0x18d,0x0,0x1,0x50041,0x52,0x18f,0x50,
0xd8,0x4003d,0x10,0x190,0x18f,0x4006e,0xdb,0x191,
0x190,0x7004f,0x16,0x192,0x191,0x191,0x2,0x3,
0x8000c,0x16,0x193,0x1,0x2d,0x18a,0x18e,0x192,
0x3003e,0x194,0x193,0x50039,0x10,0x195,0x1a,0x194,
0x50051,0x6,0x196,0x195,0x1,0x4003d,0x16,0x197,
0x15a,0x50080,0x16,0x198,0x197,0xf8,0x50041,0x52,
0x199,0x50,0xd8,0x4003d,0x10,0x19a,0x199,0x4006e,
0xdb,0x19b,0x19a,0x7004f,0x16,0x19c,0x19b,0x19b,
0x0,0x1,0x50041,0x52,0x19d,0x50,0xd8,0x4003d,
0x10,0x19e,0x19d,0x4006e,0xdb,0x19f,0x19e,0x7004f,
0x16,0x1a0,0x19f,0x19f,0x2,0x3,0x8000c,0x16,
0x1a1,0x1,0x2d,0x198,0x19c,0x1a0,0x3003e,0x1a2,
0x1a1,0x50039,0x10,0x1a3,0x1a,0x1a2,0x50051,0x6,
0x1a4,0x1a3,0x1,0x4003d,0x16,0x1a5,0x15a,0x50041,
0x52,0x1a6,0x50,0xd8,0x4003d,0x10,0x1a7,0x1a6,
0x4006e,0xdb,0x1a8,0x1a7,0x7004f,0x16,0x1a9,0x1a8,
0x1a8,0x0,0x1,0x50041,0x52,0x1aa,0x50,0xd8,
0x4003d,0x10,0x1ab,0x1aa,0x4006e,0xdb,0x1ac,0x1ab,
0x7004f,0x16,0x1ad,0x1ac,0x1ac,0x2,0x3,0x8000c,
0x16,0x1ae,0x1,0x2d,0x1a5,0x1a9,0x1ad,0x3003e,
0x1af,0x1ae,0x50039,0x10,0x1b0,0x1a,0x1af,0x50051,
0x6,0x1b1,0x1b0,0x1,0x70050,0x10,0x1b2,0x188,
0x196,0x1a4,0x1b1,0x200fe,0x1b2,0x10038,0x50036,0x2,
0x2e,0x0,0x3,0x200f8,0x2f,0x4003b,0x1b5,0x1b6,
0x7,0x4003b,0x1f,0x1b7,0x7,0x4003b,0x1f,0x1b9,
0x7,0x4003b,0x8,0x1c0,0x7,0x4003b,0x3c,0x1db,
0x7,0x4003b,0x3c,0x1df,0x7,0x4003b,0x8,0x1e1,
0x7,0x4003b,0x8,0x1ed,0x7,0x4003b,0x8,0x1fb,
0x7,0x4003b,0x1f,0x200,0x7,0x4003b,0x1f,0x204,
0x7,0x4003b,0x8,0x216,0x7,0x4003b,0x8,0x21f,
0x7,0x4003b,0x8,0x222,0x7,0x4003b,0x8,0x228,
0x7,0x4003b,0x8,0x22e,0x7,0x4003b,0x8,0x236,
0x7,0x4003b,0x3c,0x23b,0x7,0x4003b,0x8,0x23c,
0x7,0x4003b,0x1f,0x23f,0x7,0x4003b,0x3c,0x262,
0x7,0x4003b,0x8,0x268,0x7,0x4003b,0x3c,0x26a,
0x7,0x4003b,0x8,0x271,0x7,0x4003b,0x8,0x27d,
0x7,0x4003b,0x1f,0x285,0x7,0x4003b,0x1f,0x2a5,
0x7,0x4003b,0x1f,0x2d5,0x7,0x4003b,0x8,0x2db,
0x7,0x4003b,0x1f,0x2df,0x7,0x4003b,0x1f,0x2e2,
0x7,0x4003b,0x1f,0x2e3,0x7,0x4003b,0x1f,0x2e6,
0x7,0x4003b,0x1f,0x2ef,0x7,0x4003b,0x1f,0x2f0,
0x7,0x4003b,0x1f,0x2f1,0x7,0x4003b,0x1f,0x2f4,
0x7,0x4003b,0x1f,0x2ff,0x7,0x4003b,0x1f,0x300,
0x7,0x4003b,0x1f,0x301,0x7,0x4003b,0x1f,0x304,
0x7,0x4003b,0x1f,0x30c,0x7,0x4003b,0x1f,0x30f,
0x7,0x4003b,0x1f,0x310,0x7,0x4003b,0x1f,0x313,
0x7,0x4003b,0x1f,0x31e,0x7,0x4003b,0x1f,0x31f,
0x7,0x4003b,0x1f,0x320,0x7,0x4003b,0x1f,0x323,
0x7,0x4003b,0x1f,0x32b,0x7,0x4003b,0x1f,0x32e,
0x7,0x4003b,0x1f,0x32f,0x7,0x4003b,0x1f,0x332,
0x7,0x4003b,0x1f,0x337,0x7,0x4003b,0x1f,0x33a,
0x7,0x4003b,0x1f,0x33d,0x7,0x4003b,0x1f,0x340,
0x7,0x4003b,0x1f,0x348,0x7,0x4003b,0x1f,0x349,
0x7,0x4003b,0x1f,0x34c,0x7,0x4003b,0x1f,0x34f,
0x7,0x4003b,0x1f,0x35a,0x7,0x4003b,0x1f,0x35b,
0x7,0x4003b,0x1f,0x35c,0x7,0x4003b,0x1f,0x35f,
0x7,0x4003b,0x1f,0x36a,0x7,0x4003b,0x1f,0x36b,
0x7,0x4003b,0x1f,0x36c,0x7,0x4003b,0x1f,0x36f,
0x7,0x4003b,0x1f,0x377,0x7,0x4003b,0x1f,0x378,
0x7,0x4003b,0x1f,0x37b,0x7,0x4003b,0x1f,0x37e,
0x7,0x4003b,0x1f,0x386,0x7,0x4003b,0x1f,0x387,
0x7,0x4003b,0x1f,0x38a,0x7,0x4003b,0x1f,0x38d,
0x7,0x4003b,0x1f,0x392,0x7,0x4003b,0x1f,0x398,
0x7,0x4003b,0x1f,0x3a4,0x7,0x4003b,0x1f,0x3b6,
0x7,0x3003e,0x1b6,0x91,0x3003e,0x1b7,0x1b8,0x60041,
0x1bc,0x1bd,0x50,0x1ba,0x1bb,0x4003d,0x6,0x1be,
0x1bd,0x7000c,0x6,0x1bf,0x1,0x28,0x1be,0x59,
0x3003e,0x1b9,0x1bf,0x4003d,0x7,0x1c3,0x1c2,0x50041,
0x52,0x1c4,0x50,0xd8,0x4003d,0x10,0x1c5,0x1c4,
0x4006e,0xdb,0x1c6,0x1c5,0x7004f,0x16,0x1c7,0x1c6,
0x1c6,0x0,0x1,0x4006f,0x7,0x1c8,0x1c7,0x50050,
0x7,0x1c9,0x4a,0x4a,0x50081,0x7,0x1ca,0x1c8,
0x1c9,0x50041,0x52,0x1cb,0x50,0x91,0x4003d,0x10,
0x1cc,0x1cb,0x7004f,0x7,0x1cd,0x1cc,0x1cc,0x0,
0x1,0x50085,0x7,0x1ce,0x1ca,0x1cd,0x50041,0x52,
0x1cf,0x50,0xd8,0x4003d,0x10,0x1d0,0x1cf,0x4006e,
0xdb,0x1d1,0x1d0,0x7004f,0x16,0x1d2,0x1d1,0x1d1,
0x2,0x3,0x4006f,0x7,0x1d3,0x1d2,0x50050,0x7,
0x1d4,0x4a,0x4a,0x50081,0x7,0x1d5,0x1d3,0x1d4,
0x50041,0x52,0x1d6,0x50,0x91,0x4003d,0x10,0x1d7,
0x1d6,0x7004f,0x7,0x1d8,0x1d7,0x1d7,0x0,0x1,
0x50085,0x7,0x1d9,0x1d5,0x1d8,0x8000c,0x7,0x1da,
0x1,0x2b,0x1c3,0x1ce,0x1d9,0x3003e,0x1c0,0x1da,
0x4003d,0x10,0x1de,0x1dd,0x3003e,0x1db,0x1de,0x4003d,
0x10,0x1e0,0x1db,0x3003e,0x1df,0x1e0,0x50041,0x52,
0x1e2,0x50,0xd8,0x4003d,0x10,0x1e3,0x1e2,0x4006e,
0xdb,0x1e4,0x1e3,0x7004f,0x16,0x1e5,0x1e4,0x1e4,
0x2,0x3,0x50041,0x52,0x1e6,0x50,0xd8,0x4003d,
0x10,0x1e7,0x1e6,0x4006e,0xdb,0x1e8,0x1e7,0x7004f,
0x16,0x1e9,0x1e8,0x1e8,0x0,0x1,0x50082,0x16,
0x1ea,0x1e5,0x1e9,0x50080,0x16,0x1eb,0x1ea,0xe9,
0x4006f,0x7,0x1ec,0x1eb,0x3003e,0x1e1,0x1ec,0x4003d,
0x7,0x1ee,0x1c2,0x50041,0x52,0x1ef,0x50,0x91,
0x4003d,0x10,0x1f0,0x1ef,0x7004f,0x7,0x1f1,0x1f0,
0x1f0,0x2,0x3,0x50085,0x7,0x1f2,0x1ee,0x1f1,
0x50041,0x52,0x1f3,0x50,0xd8,0x4003d,0x10,0x1f4,
0x1f3,0x4006e,0xdb,0x1f5,0x1f4,0x7004f,0x16,0x1f6,
0x1f5,0x1f5,0x0,0x1,0x4006f,0x7,0x1f7,0x1f6,
0x50083,0x7,0x1f8,0x1f2,0x1f7,0x4003d,0x7,0x1f9,
0x1e1,0x50088,0x7,0x1fa,0x1f8,0x1f9,0x3003e,0x1ed,
0x1fa,0x4003d,0x7,0x1fc,0x1ed,0x5008e,0x7,0x1fd,
0x1fc,0x5a,0x50050,0x7,0x1fe,0x59,0x59,0x50083,
0x7,0x1ff,0x1fd,0x1fe,0x3003e,0x1fb,0x1ff,0x4003d,
0x7,0x201,0x1fb,0x4003d,0x7,0x202,0x1fb,0x50094,
0x6,0x203,0x201,0x202,0x3003e,0x200,0x203,0x4003d,
0x6,0x207,0x200,0x8000c,0x6,0x208,0x1,0x31,
0x205,0x206,0x207,0x50083,0x6,0x209,0x59,0x208,
0x60041,0x1bc,0x20a,0x50,0x1ba,0x1bb,0x4003d,0x6,
0x20b,0x20a,0x7000c,0x6,0x20c,0x1,0x25,0x20b,
0x59,0x50085,0x6,0x20d,0x209,0x20c,0x3003e,0x204,
0x20d,0x4003d,0x15,0x20e,0x1b6,0x500ab,0x7b,0x210,
0x20e,0x20f,0x4003d,0x6,0x211,0x200,0x500b8,0x7b,
0x212,0x211,0x206,0x500a7,0x7b,0x213,0x210,0x212,
0x300f7,0x215,0x0,0x400fa,0x213,0x214,0x215,0x200f8,
0x214,0x4003d,0x7,0x217,0x1c2,0x50041,0x52,0x218,
0x50,0x91,0x4003d,0x10,0x219,0x218,0x7004f,0x7,
0x21a,0x219,0x219,0x2,0x3,0x50085,0x7,0x21b,
0x217,0x21a,0x50081,0x7,0x21e,0x21b,0x21d,0x3003e,
0x216,0x21e,0x4003d,0x7,0x220,0x216,0x6000c,0x7,
0x221,0x1,0x8,0x220,0x3003e,0x21f,0x221,0x4003d,
0x7,0x223,0x21f,0x50041,0x52,0x224,0x50,0x91,
0x4003d,0x10,0x225,0x224,0x7004f,0x7,0x226,0x225,
0x225,0x0,0x1,0x50085,0x7,0x227,0x223,0x226,
0x3003e,0x222,0x227,0x50041,0x52,0x229,0x50,0x91,
0x4003d,0x10,0x22a,0x229,0x7004f,0x7,0x22b,0x22a,
0x22a,0x0,0x1,0x3003e,0x228,0x22b,0x300f7,0x22d,
0x0,0x400fa,0x145,0x22c,0x22d,0x200f8,0x22c,0x4003d,
0x7,0x22f,0x222,0x3003e,0x22e,0x22f,0x50039,0x7,
0x230,0xe,0x22e,0x3003e,0x222,0x230,0x50041,0x52,
0x231,0x50,0x51,0x4003d,0x10,0x232,0x231,0x7004f,
0x7,0x233,0x232,0x232,0x2,0x3,0x4003d,0x7,
0x234,0x228,0x50085,0x7,0x235,0x234,0x233,0x3003e,
0x228,0x235,0x200f9,0x22d,0x200f8,0x22d,0x4003d,0x7,
0x237,0x216,0x4003d,0x7,0x238,0x21f,0x4007f,0x7,
0x239,0x238,0x50081,0x7,0x23a,0x237,0x239,0x3003e,
0x236,0x23a,0x4003d,0x7,0x23d,0x222,0x3003e,0x23c,
0x23d,0x50039,0x10,0x23e,0x2c,0x23c,0x3003e,0x23b,
0x23e,0x50041,0x1f,0x241,0x23b,0x240,0x4003d,0x6,
0x242,0x241,0x50041,0x1f,0x243,0x23b,0xe6,0x4003d,
0x6,0x244,0x243,0x50083,0x6,0x245,0x242,0x244,
0x6000c,0x6,0x246,0x1,0x4,0x245,0x4003d,0x15,
0x247,0x1b6,0x50041,0x1f,0x248,0x1df,0x247,0x4003d,
0x6,0x249,0x248,0x50041,0x1f,0x24a,0x23b,0xe6,
0x4003d,0x6,0x24b,0x24a,0x50083,0x6,0x24c,0x249,
0x24b,0x6000c,0x6,0x24d,0x1,0x4,0x24c,0x50081,
0x6,0x24e,0x246,0x24d,0x4003d,0x15,0x24f,0x1b6,
0x50041,0x1f,0x250,0x1df,0x24f,0x4003d,0x6,0x251,
0x250,0x50041,0x1f,0x252,0x23b,0x240,0x4003d,0x6,
0x253,0x252,0x50083,0x6,0x254,0x251,0x253,0x6000c,
0x6,0x255,0x1,0x4,0x254,0x50081,0x6,0x256,
0x24e,0x255,0x3003e,0x23f,0x256,0x4003d,0x6,0x257,
0x23f,0x4003d,0x6,0x258,0x1b7,0x500ba,0x7b,0x259,
0x257,0x258,0x300f7,0x25b,0x0,0x400fa,0x259,0x25a,
0x25b,0x200f8,0x25a,0x50041,0x1f,0x25c,0x228,0x1bb,
0x4003d,0x6,0x25d,0x25c,0x50041,0x1f,0x25e,0x222,
0x1bb,0x4003d,0x6,0x25f,0x25e,0x50081,0x6,0x260,
0x25f,0x25d,0x50041,0x1f,0x261,0x222,0x1bb,0x3003e,
0x261,0x260,0x4003d,0x7,0x263,0x222,0x50041,0x1f,
0x264,0x228,0x1bb,0x4003d,0x6,0x265,0x264,0x50050,
0x7,0x266,0x265,0x57,0x50081,0x7,0x267,0x263,
0x266,0x3003e,0x268,0x267,0x50039,0x10,0x269,0x2c,
0x268,0x3003e,0x262,0x269,0x4003d,0x7,0x26b,0x222,
0x50041,0x1f,0x26c,0x228,0xe6,0x4003d,0x6,0x26d,
0x26c,0x4007f,0x6,0x26e,0x26d,0x50050,0x7,0x26f,
0x57,0x26e,0x50081,0x7,0x270,0x26b,0x26f,0x3003e,
0x271,0x270,0x50039,0x10,0x272,0x2c,0x271,0x7004f,
0x7,0x273,0x272,0x272,0x3,0x2,0x50041,0x1f,
0x274,0x26a,0x1bb,0x50051,0x6,0x275,0x273,0x0,
0x3003e,0x274,0x275,0x50041,0x1f,0x276,0x26a,0xe6,
0x50051,0x6,0x277,0x273,0x1,0x3003e,0x276,0x277,
0x4003d,0x7,0x278,0x222,0x50041,0x1f,0x279,0x228,
0xe6,0x4003d,0x6,0x27a,0x279,0x50050,0x7,0x27b,
0x57,0x27a,0x50081,0x7,0x27c,0x278,0x27b,0x3003e,
0x27d,0x27c,0x50039,0x10,0x27e,0x2c,0x27d,0x7004f,
0x7,0x27f,0x27e,0x27e,0x1,0x0,0x50041,0x1f,
0x280,0x26a,0x240,0x50051,0x6,0x281,0x27f,0x0,
0x3003e,0x280,0x281,0x50041,0x1f,0x283,0x26a,0x282,
0x50051,0x6,0x284,0x27f,0x1,0x3003e,0x283,0x284,
0x50041,0x1f,0x286,0x23b,0xe6,0x4003d,0x6,0x287,
0x286,0x50041,0x1f,0x288,0x23b,0x240,0x4003d,0x6,
0x289,0x288,0x50081,0x6,0x28a,0x287,0x289,0x50041,
0x1f,0x28b,0x262,0x1bb,0x4003d,0x6,0x28c,0x28b,
0x50081,0x6,0x28d,0x28a,0x28c,0x50041,0x1f,0x28e,
0x262,0x282,0x4003d,0x6,0x28f,0x28e,0x50081,0x6,
0x290,0x28d,0x28f,0x50085,0x6,0x292,0x290,0x291,
0x3003e,0x285,0x292,0x4003d,0x10,0x293,0x23b,0x4003d,
0x6,0x294,0x285,0x70050,0x10,0x295,0x294,0x294,
0x294,0x294,0x50083,0x10,0x296,0x293,0x295,0x3003e,
0x23b,0x296,0x4003d,0x10,0x297,0x262,0x4003d,0x6,
0x298,0x285,0x70050,0x10,0x299,0x298,0x298,0x298,
0x298,0x50083,0x10,0x29a,0x297,0x299,0x3003e,0x262,
0x29a,0x4003d,0x10,0x29b,0x26a,0x4003d,0x6,0x29c,
0x285,0x70050,0x10,0x29d,0x29c,0x29c,0x29c,0x29c,
0x50083,0x10,0x29e,0x29b,0x29d,0x3003e,0x26a,0x29e,
0x4003d,0x15,0x29f,0x1b6,0x50041,0x1f,0x2a0,0x1df,
0x29f,0x4003d,0x6,0x2a1,0x2a0,0x4003d,0x6,0x2a2,
0x285,0x50083,0x6,0x2a3,0x2a1,0x2a2,0x50041,0x1f,
0x2a4,0x1df,0x282,0x3003e,0x2a4,0x2a3,0x50041,0x1f,
0x2a6,0x23b,0x1bb,0x4003d,0x6,0x2a7,0x2a6,0x6000c,
0x6,0x2a8,0x1,0x4,0x2a7,0x50041,0x1f,0x2a9,
0x23b,0xe6,0x4003d,0x6,0x2aa,0x2a9,0x6000c,0x6,
0x2ab,0x1,0x4,0x2aa,0x50081,0x6,0x2ac,0x2a8,
0x2ab,0x50041,0x1f,0x2ad,0x23b,0x240,0x4003d,0x6,
0x2ae,0x2ad,0x6000c,0x6,0x2af,0x1,0x4,0x2ae,
0x50081,0x6,0x2b0,0x2ac,0x2af,0x50041,0x1f,0x2b1,
0x23b,0x282,0x4003d,0x6,0x2b2,0x2b1,0x6000c,0x6,
0x2b3,0x1,0x4,0x2b2,0x50081,0x6,0x2b4,0x2b0,
0x2b3,0x50041,0x1f,0x2b5,0x262,0x1bb,0x4003d,0x6,
0x2b6,0x2b5,0x6000c,0x6,0x2b7,0x1,0x4,0x2b6,
0x50041,0x1f,0x2b8,0x262,0xe6,0x4003d,0x6,0x2b9,
0x2b8,0x6000c,0x6,0x2ba,0x1,0x4,0x2b9,0x50081,
0x6,0x2bb,0x2b7,0x2ba,0x50041,0x1f,0x2bc,0x262,
0x240,0x4003d,0x6,0x2bd,0x2bc,0x6000c,0x6,0x2be,
0x1,0x4,0x2bd,0x50081,0x6,0x2bf,0x2bb,0x2be,
0x50041,0x1f,0x2c0,0x262,0x282,0x4003d,0x6,0x2c1,
0x2c0,0x6000c,0x6,0x2c2,0x1,0x4,0x2c1,0x50081,
0x6,0x2c3,0x2bf,0x2c2,0x50081,0x6,0x2c4,0x2b4,
0x2c3,0x50041,0x1f,0x2c5,0x26a,0x1bb,0x4003d,0x6,
0x2c6,0x2c5,0x6000c,0x6,0x2c7,0x1,0x4,0x2c6,
0x50041,0x1f,0x2c8,0x26a,0xe6,0x4003d,0x6,0x2c9,
0x2c8,0x6000c,0x6,0x2ca,0x1,0x4,0x2c9,0x50081,
0x6,0x2cb,0x2c7,0x2ca,0x50041,0x1f,0x2cc,0x26a,
0x240,0x4003d,0x6,0x2cd,0x2cc,0x6000c,0x6,0x2ce,
0x1,0x4,0x2cd,0x50081,0x6,0x2cf,0x2cb,0x2ce,
0x50041,0x1f,0x2d0,0x26a,0x282,0x4003d,0x6,0x2d1,
0x2d0,0x6000c,0x6,0x2d2,0x1,0x4,0x2d1,0x50081,
0x6,0x2d3,0x2cf,0x2d2,0x50081,0x6,0x2d4,0x2c4,
0x2d3,0x3003e,0x2a5,0x2d4,0x4003d,0x6,0x2d7,0x2a5,
0x7000c,0x6,0x2d9,0x1,0x28,0x2d7,0x2d8,0x50088,
0x6,0x2da,0x2d6,0x2d9,0x3003e,0x2d5,0x2da,0x50041,
0x1f,0x2dc,0x236,0xe6,0x4003d,0x6,0x2dd,0x2dc,
0x50081,0x6,0x2de,0x2dd,0x59,0x50041,0x1f,0x2e0,
0x236,0x1bb,0x4003d,0x6,0x2e1,0x2e0,0x3003e,0x2df,
0x2e1,0x3003e,0x2e2,0x2de,0x50041,0x1f,0x2e4,0x26a,
0x1bb,0x4003d,0x6,0x2e5,0x2e4,0x3003e,0x2e3,0x2e5,
0x4003d,0x6,0x2e7,0x2d5,0x3003e,0x2e6,0x2e7,0x80039,
0x7,0x2e8,0x29,0x2df,0x2e2,0x2e3,0x2e6,0x3003e,
0x2db,0x2e8,0x50041,0x1f,0x2e9,0x236,0x1bb,0x4003d,
0x6,0x2ea,0x2e9,0x50083,0x6,0x2eb,0x2ea,0x59,
0x50041,0x1f,0x2ec,0x236,0xe6,0x4003d,0x6,0x2ed,
0x2ec,0x50081,0x6,0x2ee,0x2ed,0x59,0x3003e,0x2ef,
0x2eb,0x3003e,0x2f0,0x2ee,0x50041,0x1f,0x2f2,0x26a,
0xe6,0x4003d,0x6,0x2f3,0x2f2,0x3003e,0x2f1,0x2f3,
0x4003d,0x6,0x2f5,0x2d5,0x3003e,0x2f4,0x2f5,0x80039,
0x7,0x2f6,0x29,0x2ef,0x2f0,0x2f1,0x2f4,0x4003d,
0x7,0x2f7,0x2db,0x50081,0x7,0x2f8,0x2f7,0x2f6,
0x3003e,0x2db,0x2f8,0x50041,0x1f,0x2f9,0x236,0x1bb,
0x4003d,0x6,0x2fa,0x2f9,0x50083,0x6,0x2fb,0x2fa,
0x59,0x50041,0x1f,0x2fc,0x236,0xe6,0x4003d,0x6,
0x2fd,0x2fc,0x50083,0x6,0x2fe,0x2fd,0x5a,0x3003e,
0x2ff,0x2fb,0x3003e,0x300,0x2fe,0x50041,0x1f,0x302,
0x26a,0x240,0x4003d,0x6,0x303,0x302,0x3003e,0x301,
0x303,0x4003d,0x6,0x305,0x2d5,0x3003e,0x304,0x305,
0x80039,0x7,0x306,0x29,0x2ff,0x300,0x301,0x304,
0x4003d,0x7,0x307,0x2db,0x50081,0x7,0x308,0x307,
0x306,0x3003e,0x2db,0x308,0x50041,0x1f,0x309,0x236,
0xe6,0x4003d,0x6,0x30a,0x309,0x50083,0x6,0x30b,
0x30a,0x5a,0x50041,0x1f,0x30d,0x236,0x1bb,0x4003d,
0x6,0x30e,0x30d,0x3003e,0x30c,0x30e,0x3003e,0x30f,
0x30b,0x50041,0x1f,0x311,0x26a,0x282,0x4003d,0x6,
0x312,0x311,0x3003e,0x310,0x312,0x4003d,0x6,0x314,
0x2d5,0x3003e,0x313,0x314,0x80039,0x7,0x315,0x29,
0x30c,0x30f,0x310,0x313,0x4003d,0x7,0x316,0x2db,
0x50081,0x7,0x317,0x316,0x315,0x3003e,0x2db,0x317,
0x50041,0x1f,0x318,0x236,0x1bb,0x4003d,0x6,0x319,
0x318,0x50081,0x6,0x31a,0x319,0x59,0x50041,0x1f,
0x31b,0x236,0xe6,0x4003d,0x6,0x31c,0x31b,0x50083,
0x6,0x31d,0x31c,0x59,0x3003e,0x31e,0x31a,0x3003e,
0x31f,0x31d,0x50041,0x1f,0x321,0x23b,0x1bb,0x4003d,
0x6,0x322,0x321,0x3003e,0x320,0x322,0x4003d,0x6,
0x324,0x2d5,0x3003e,0x323,0x324,0x80039,0x7,0x325,
0x29,0x31e,0x31f,0x320,0x323,0x4003d,0x7,0x326,
0x2db,0x50081,0x7,0x327,0x326,0x325,0x3003e,0x2db,
0x327,0x50041,0x1f,0x328,0x236,0xe6,0x4003d,0x6,
0x329,0x328,0x50083,0x6,0x32a,0x329,0x59,0x50041,
0x1f,0x32c,0x236,0x1bb,0x4003d,0x6,0x32d,0x32c,
0x3003e,0x32b,0x32d,0x3003e,0x32e,0x32a,0x50041,0x1f,
0x330,0x23b,0xe6,0x4003d,0x6,0x331,0x330,0x3003e,
0x32f,0x331,0x4003d,0x6,0x333,0x2d5,0x3003e,0x332,
0x333,0x80039,0x7,0x334,0x29,0x32b,0x32e,0x32f,
0x332,0x4003d,0x7,0x335,0x2db,0x50081,0x7,0x336,
0x335,0x334,0x3003e,0x2db,0x336,0x50041,0x1f,0x338,
0x236,0x1bb,0x4003d,0x6,0x339,0x338,0x3003e,0x337,
0x339,0x50041,0x1f,0x33b,0x236,0xe6,0x4003d,0x6,
0x33c,0x33b,0x3003e,0x33a,0x33c,0x50041,0x1f,0x33e,
0x23b,0x240,0x4003d,0x6,0x33f,0x33e,0x3003e,0x33d,
0x33f,0x4003d,0x6,0x341,0x2d5,0x3003e,0x340,0x341,
0x80039,0x7,0x342,0x29,0x337,0x33a,0x33d,0x340,
0x4003d,0x7,0x343,0x2db,0x50081,0x7,0x344,0x343,
0x342,0x3003e,0x2db,0x344,0x50041,0x1f,0x345,0x236,
0x1bb,0x4003d,0x6,0x346,0x345,0x50081,0x6,0x347,
0x346,0x59,0x3003e,0x348,0x347,0x50041,0x1f,0x34a,
0x236,0xe6,0x4003d,0x6,0x34b,0x34a,0x3003e,0x349,
0x34b,0x50041,0x1f,0x34d,0x23b,0x282,0x4003d,0x6,
0x34e,0x34d,0x3003e,0x34c,0x34e,0x4003d,0x6,0x350,
0x2d5,0x3003e,0x34f,0x350,0x80039,0x7,0x351,0x29,
0x348,0x349,0x34c,0x34f,0x4003d,0x7,0x352,0x2db,
0x50081,0x7,0x353,0x352,0x351,0x3003e,0x2db,0x353,
0x50041,0x1f,0x354,0x236,0x1bb,0x4003d,0x6,0x355,
0x354,0x50083,0x6,0x356,0x355,0x59,0x50041,0x1f,
0x357,0x236,0xe6,0x4003d,0x6,0x358,0x357,0x50083,
0x6,0x359,0x358,0x59,0x3003e,0x35a,0x356,0x3003e,
0x35b,0x359,0x50041,0x1f,0x35d,0x262,0x1bb,0x4003d,
0x6,0x35e,0x35d,0x3003e,0x35c,0x35e,0x4003d,0x6,
0x360,0x2d5,0x3003e,0x35f,0x360,0x80039,0x7,0x361,
0x29,0x35a,0x35b,0x35c,0x35f,0x4003d,0x7,0x362,
0x2db,0x50081,0x7,0x363,0x362,0x361,0x3003e,0x2db,
0x363,0x50041,0x1f,0x364,0x236,0x1bb,0x4003d,0x6,
0x365,0x364,0x50083,0x6,0x366,0x365,0x5a,0x50041,
0x1f,0x367,0x236,0xe6,0x4003d,0x6,0x368,0x367,
0x50083,0x6,0x369,0x368,0x59,0x3003e,0x36a,0x366,
0x3003e,0x36b,0x369,0x50041,0x1f,0x36d,0x262,0xe6,
0x4003d,0x6,0x36e,0x36d,0x3003e,0x36c,0x36e,0x4003d,
0x6,0x370,0x2d5,0x3003e,0x36f,0x370,0x80039,0x7,
0x371,0x29,0x36a,0x36b,0x36c,0x36f,0x4003d,0x7,
0x372,0x2db,0x50081,0x7,0x373,0x372,0x371,0x3003e,
0x2db,0x373,0x50041,0x1f,0x374,0x236,0x1bb,0x4003d,
0x6,0x375,0x374,0x50083,0x6,0x376,0x375,0x5a,
0x3003e,0x377,0x376,0x50041,0x1f,0x379,0x236,0xe6,
0x4003d,0x6,0x37a,0x379,0x3003e,0x378,0x37a,0x50041,
0x1f,0x37c,0x262,0x240,0x4003d,0x6,0x37d,0x37c,
0x3003e,0x37b,0x37d,0x4003d,0x6,0x37f,0x2d5,0x3003e,
0x37e,0x37f,0x80039,0x7,0x380,0x29,0x377,0x378,
0x37b,0x37e,0x4003d,0x7,0x381,0x2db,0x50081,0x7,
0x382,0x381,0x380,0x3003e,0x2db,0x382,0x50041,0x1f,
0x383,0x236,0x1bb,0x4003d,0x6,0x384,0x383,0x50083,
0x6,0x385,0x384,0x59,0x3003e,0x386,0x385,0x50041,
0x1f,0x388,0x236,0xe6,0x4003d,0x6,0x389,0x388,
0x3003e,0x387,0x389,0x50041,0x1f,0x38b,0x262,0x282,
0x4003d,0x6,0x38c,0x38b,0x3003e,0x38a,0x38c,0x4003d,
0x6,0x38e,0x2d5,0x3003e,0x38d,0x38e,0x80039,0x7,
0x38f,0x29,0x386,0x387,0x38a,0x38d,0x4003d,0x7,
0x390,0x2db,0x50081,0x7,0x391,0x390,0x38f,0x3003e,
0x2db,0x391,0x50041,0x1f,0x393,0x2db,0xe6,0x4003d,
0x6,0x394,0x393,0x50041,0x1f,0x395,0x2db,0x1bb,
0x4003d,0x6,0x396,0x395,0x50088,0x6,0x397,0x394,
0x396,0x3003e,0x392,0x397,0x50041,0x1f,0x399,0x23b,
0xe6,0x4003d,0x6,0x39a,0x399,0x50041,0x1f,0x39b,
0x23b,0x240,0x4003d,0x6,0x39c,0x39b,0x7000c,0x6,
0x39d,0x1,0x28,0x39a,0x39c,0x50041,0x1f,0x39e,
0x262,0x1bb,0x4003d,0x6,0x39f,0x39e,0x50041,0x1f,
0x3a0,0x262,0x282,0x4003d,0x6,0x3a1,0x3a0,0x7000c,
0x6,0x3a2,0x1,0x28,0x39f,0x3a1,0x7000c,0x6,
0x3a3,0x1,0x28,0x39d,0x3a2,0x3003e,0x398,0x3a3,
0x50041,0x1f,0x3a5,0x23b,0xe6,0x4003d,0x6,0x3a6,
0x3a5,0x50041,0x1f,0x3a7,0x23b,0x240,0x4003d,0x6,
0x3a8,0x3a7,0x7000c,0x6,0x3a9,0x1,0x25,0x3a6,
0x3a8,0x50041,0x1f,0x3aa,0x262,0x1bb,0x4003d,0x6,
0x3ab,0x3aa,0x50041,0x1f,0x3ac,0x262,0x282,0x4003d,
0x6,0x3ad,0x3ac,0x7000c,0x6,0x3ae,0x1,0x25,
0x3ab,0x3ad,0x7000c,0x6,0x3af,0x1,0x25,0x3a9,
0x3ae,0x3003e,0x3a4,0x3af,0x4003d,0x6,0x3b0,0x1b9,
0x4003d,0x6,0x3b1,0x392,0x50085,0x6,0x3b2,0x3b0,
0x3b1,0x4003d,0x6,0x3b3,0x3a4,0x4003d,0x6,0x3b4,
0x398,0x8000c,0x6,0x3b5,0x1,0x2b,0x3b2,0x3b3,
0x3b4,0x3003e,0x392,0x3b5,0x4003d,0x6,0x3b7,0x392,
0x50041,0x1f,0x3b8,0x1df,0x282,0x4003d,0x6,0x3b9,
0x3b8,0x50083,0x6,0x3ba,0x3b7,0x3b9,0x3003e,0x3b6,
0x3ba,0x4003d,0x6,0x3bb,0x3b6,0x8000c,0x6,0x3be,
0x1,0x2b,0x3bb,0x3bc,0x3bd,0x3003e,0x3b6,0x3be,
0x4003d,0x10,0x3bf,0x1db,0x8004f,0x36,0x3c0,0x3bf,
0x3bf,0x0,0x1,0x2,0x4003d,0x10,0x3c1,0x1df,
0x8004f,0x36,0x3c2,0x3c1,0x3c1,0x0,0x1,0x2,
0x4003d,0x6,0x3c3,0x3b6,0x60050,0x36,0x3c4,0x3c3,
0x3c3,0x3c3,0x50081,0x36,0x3c5,0x3c2,0x3c4,0x60050,
0x36,0x3c6,0x57,0x57,0x57,0x60050,0x36,0x3c7,
0x59,0x59,0x59,0x8000c,0x36,0x3c8,0x1,0x2b,
0x3c5,0x3c6,0x3c7,0x4003d,0x6,0x3c9,0x204,0x60050,
0x36,0x3ca,0x3c9,0x3c9,0x3c9,0x8000c,0x36,0x3cb,
0x1,0x2e,0x3c0,0x3c8,0x3ca,0x50041,0x1f,0x3cc,
0x1df,0x1bb,0x50051,0x6,0x3cd,0x3cb,0x0,0x3003e,
0x3cc,0x3cd,0x50041,0x1f,0x3ce,0x1df,0xe6,0x50051,
0x6,0x3cf,0x3cb,0x1,0x3003e,0x3ce,0x3cf,0x50041,
0x1f,0x3d0,0x1df,0x240,0x50051,0x6,0x3d1,0x3cb,
0x2,0x3003e,0x3d0,0x3d1,0x200f9,0x25b,0x200f8,0x25b,
0x200f9,0x215,0x200f8,0x215,0x50041,0x1f,0x3d2,0x1db,
0x282,0x4003d,0x6,0x3d3,0x3d2,0x50041,0x1f,0x3d4,
0x1df,0x282,0x3003e,0x3d4,0x3d3,0x4003d,0x10,0x3d7,
0x1df,0x3003e,0x3d6,0x3d7,0x100fd,0x10038,0x50036,0x10,
0x34,0x0,0x30,0x30037,0x8,0x31,0x30037,0x8,
0x32,0x30037,0x8,0x33,0x200f8,0x35,0x4003b,0x3c,
0x3dd,0x7,0x4003b,0x8,0x3e4,0x7,0x300f7,0x3d9,
0x0,0x400fa,0x145,0x3d8,0x3d9,0x200f8,0x3d8,0x4003d,
0x77,0x3da,0x79,0x4003d,0x7,0x3db,0x31,0x70058,
0x10,0x3dc,0x3da,0x3db,0x2,0x57,0x3003e,0x3dd,
0x3dc,0x4003d,0x10,0x3de,0x3dd,0x200fe,0x3de,0x200f8,
0x3d9,0x4003d,0x7,0x3e0,0x31,0x4003d,0x7,0x3e1,
0x32,0x4003d,0x7,0x3e2,0x33,0x8000c,0x7,0x3e3,
0x1,0x2b,0x3e0,0x3e1,0x3e2,0x3003e,0x3e4,0x3e3,
0x50039,0x10,0x3e5,0x13,0x3e4,0x200fe,0x3e5,0x10038,
0x50036,0x6,0x3a,0x0,0x38,0x30037,0x37,0x39,
0x200f8,0x3b,0x4003b,0x37,0x3eb,0x7,0x60041,0x1bc,
0x3e8,0x50,0x20f,0xe6,0x4003d,0x6,0x3e9,0x3e8,
0x500ba,0x7b,0x3ea,0x3e9,0x57,0x300f7,0x3ed,0x0,
0x400fa,0x3ea,0x3ec,0x3f0,0x200f8,0x3ec,0x4003d,0x36,
0x3ee,0x39,0x8004f,0x36,0x3ef,0x3ee,0x3ee,0x2,
0x1,0x0,0x3003e,0x3eb,0x3ef,0x200f9,0x3ed,0x200f8,
0x3f0,0x4003d,0x36,0x3f1,0x39,0x3003e,0x3eb,0x3f1,
0x200f9,0x3ed,0x200f8,0x3ed,0x4003d,0x36,0x3f2,0x3eb,
0x50094,0x6,0x3f7,0x3f2,0x3f6,0x200fe,0x3f7,0x10038,
0x50036,0x10,0x41,0x0,0x3d,0x30037,0x8,0x3e,
0x30037,0x3c,0x3f,0x30037,0x3c,0x40,0x200f8,0x42,
0x4003b,0x8,0x3fa,0x7,0x4003b,0x1f,0x411,0x7,
0x4003b,0x1f,0x41b,0x7,0x4003b,0x8,0x41f,0x7,
0x4003b,0x8,0x429,0x7,0x4003b,0x8,0x433,0x7,
0x4003b,0x8,0x439,0x7,0x4003b,0x1f,0x441,0x7,
0x4003b,0x8,0x448,0x7,0x4003b,0x8,0x449,0x7,
0x4003b,0x8,0x44b,0x7,0x4003b,0x37,0x44e,0x7,
0x4003b,0x1f,0x451,0x7,0x4003b,0x8,0x457,0x7,
0x4003b,0x8,0x458,0x7,0x4003b,0x8,0x45a,0x7,
0x4003b,0x37,0x45d,0x7,0x4003b,0x1f,0x460,0x7,
0x4003b,0x8,0x466,0x7,0x4003b,0x8,0x467,0x7,
0x4003b,0x8,0x469,0x7,0x4003b,0x37,0x46c,0x7,
0x4003b,0x1f,0x46f,0x7,0x4003b,0x8,0x475,0x7,
0x4003b,0x8,0x476,0x7,0x4003b,0x8,0x478,0x7,
0x4003b,0x37,0x47b,0x7,0x4003b,0x1f,0x47e,0x7,
0x4003b,0x37,0x47f,0x7,0x4003b,0x1f,0x483,0x7,
0x4003b,0x1f,0x48d,0x7,0x4003b,0x1f,0x497,0x7,
0x4003b,0x8,0x4a6,0x7,0x4003b,0x1f,0x4b6,0x7,
0x4003b,0x8,0x4c2,0x7,0x4003b,0x37,0x4d8,0x7,
0x4003b,0x8,0x4dc,0x7,0x4003b,0x8,0x4dd,0x7,
0x4003b,0x8,0x4df,0x7,0x4003b,0x8,0x4e6,0x7,
0x4003b,0x8,0x4e7,0x7,0x4003b,0x8,0x4e9,0x7,
0x4003b,0x1f,0x4ef,0x7,0x4003d,0x7,0x3fb,0x3e,
0x50041,0x52,0x3fc,0x50,0x91,0x4003d,0x10,0x3fd,
0x3fc,0x7004f,0x7,0x3fe,0x3fd,0x3fd,0x2,0x3,
0x50085,0x7,0x3ff,0x3fb,0x3fe,0x50041,0x52,0x400,
0x50,0xd8,0x4003d,0x10,0x401,0x400,0x7004f,0x7,
0x402,0x401,0x401,0x0,0x1,0x50083,0x7,0x403,
0x3ff,0x402,0x50041,0x52,0x404,0x50,0xd8,0x4003d,
0x10,0x405,0x404,0x7004f,0x7,0x406,0x405,0x405,
0x2,0x3,0x50041,0x52,0x407,0x50,0xd8,0x4003d,
0x10,0x408,0x407,0x7004f,0x7,0x409,0x408,0x408,
0x0,0x1,0x50083,0x7,0x40a,0x406,0x409,0x50050,
0x7,0x40b,0x59,0x59,0x50081,0x7,0x40c,0x40a,
0x40b,0x50088,0x7,0x40d,0x403,0x40c,0x5008e,0x7,
0x40e,0x40d,0x5a,0x50050,0x7,0x40f,0x59,0x59,
0x50083,0x7,0x410,0x40e,0x40f,0x3003e,0x3fa,0x410,
0x4003d,0x7,0x412,0x3fa,0x4003d,0x7,0x413,0x3fa,
0x50094,0x6,0x414,0x412,0x413,0x3003e,0x411,0x414,
0x4003d,0x6,0x415,0x411,0x500be,0x7b,0x416,0x415,
0x206,0x300f7,0x418,0x0,0x400fa,0x416,0x417,0x418,
0x200f8,0x417,0x4003d,0x10,0x419,0x40,0x200fe,0x419,
0x200f8,0x418,0x4003d,0x6,0x41c,0x411,0x8000c,0x6,
0x41d,0x1,0x31,0x205,0x206,0x41c,0x50083,0x6,
0x41e,0x59,0x41d,0x3003e,0x41b,0x41e,0x50041,0x52,
0x420,0x50,0xd8,0x4003d,0x10,0x421,0x420,0x7004f,
0x7,0x422,0x421,0x421,0x0,0x1,0x50050,0x7,
0x423,0x4a,0x4a,0x50081,0x7,0x424,0x422,0x423,
0x50041,0x52,0x425,0x50,0x91,0x4003d,0x10,0x426,
0x425,0x7004f,0x7,0x427,0x426,0x426,0x0,0x1,
0x50085,0x7,0x428,0x424,0x427,0x3003e,0x41f,0x428,
0x50041,0x52,0x42a,0x50,0xd8,0x4003d,0x10,0x42b,
0x42a,0x7004f,0x7,0x42c,0x42b,0x42b,0x2,0x3,
0x50050,0x7,0x42d,0x4a,0x4a,0x50081,0x7,0x42e,
0x42c,0x42d,0x50041,0x52,0x42f,0x50,0x91,0x4003d,
0x10,0x430,0x42f,0x7004f,0x7,0x431,0x430,0x430,
0x0,0x1,0x50085,0x7,0x432,0x42e,0x431,0x3003e,
0x429,0x432,0x50041,0x52,0x434,0x50,0x91,0x4003d,
0x10,0x435,0x434,0x7004f,0x7,0x436,0x435,0x435,
0x0,0x1,0x3003e,0x433,0x436,0x300f7,0x438,0x0,
0x400fa,0x145,0x437,0x438,0x200f8,0x437,0x4003d,0x7,
0x43a,0x3e,0x3003e,0x439,0x43a,0x50039,0x7,0x43b,
0xe,0x439,0x3003e,0x3e,0x43b,0x50041,0x52,0x43c,
0x50,0x51,0x4003d,0x10,0x43d,0x43c,0x7004f,0x7,
0x43e,0x43d,0x43d,0x2,0x3,0x4003d,0x7,0x43f,
0x433,0x50085,0x7,0x440,0x43f,0x43e,0x3003e,0x433,
0x440,0x200f9,0x438,0x200f8,0x438,0x4003d,0x7,0x442,
0x3e,0x4003d,0x7,0x445,0x433,0x50085,0x7,0x446,
0x444,0x445,0x50081,0x7,0x447,0x442,0x446,0x3003e,
0x448,0x447,0x4003d,0x7,0x44a,0x41f,0x3003e,0x449,
0x44a,0x4003d,0x7,0x44c,0x429,0x3003e,0x44b,0x44c,
0x70039,0x10,0x44d,0x34,0x448,0x449,0x44b,0x8004f,
0x36,0x44f,0x44d,0x44d,0x0,0x1,0x2,0x3003e,
0x44e,0x44f,0x50039,0x6,0x450,0x3a,0x44e,0x3003e,
0x441,0x450,0x4003d,0x7,0x452,0x3e,0x4003d,0x7,
0x454,0x433,0x50085,0x7,0x455,0x453,0x454,0x50081,
0x7,0x456,0x452,0x455,0x3003e,0x457,0x456,0x4003d,
0x7,0x459,0x41f,0x3003e,0x458,0x459,0x4003d,0x7,
0x45b,0x429,0x3003e,0x45a,0x45b,0x70039,0x10,0x45c,
0x34,0x457,0x458,0x45a,0x8004f,0x36,0x45e,0x45c,
0x45c,0x0,0x1,0x2,0x3003e,0x45d,0x45e,0x50039,
0x6,0x45f,0x3a,0x45d,0x3003e,0x451,0x45f,0x4003d,
0x7,0x461,0x3e,0x4003d,0x7,0x463,0x433,0x50085,
0x7,0x464,0x462,0x463,0x50081,0x7,0x465,0x461,
0x464,0x3003e,0x466,0x465,0x4003d,0x7,0x468,0x41f,
0x3003e,0x467,0x468,0x4003d,0x7,0x46a,0x429,0x3003e,
0x469,0x46a,0x70039,0x10,0x46b,0x34,0x466,0x467,
0x469,0x8004f,0x36,0x46d,0x46b,0x46b,0x0,0x1,
0x2,0x3003e,0x46c,0x46d,0x50039,0x6,0x46e,0x3a,
0x46c,0x3003e,0x460,0x46e,0x4003d,0x7,0x470,0x3e,
0x4003d,0x7,0x472,0x433,0x50085,0x7,0x473,0x471,
0x472,0x50081,0x7,0x474,0x470,0x473,0x3003e,0x475,
0x474,0x4003d,0x7,0x477,0x41f,0x3003e,0x476,0x477,
0x4003d,0x7,0x479,0x429,0x3003e,0x478,0x479,0x70039,
0x10,0x47a,0x34,0x475,0x476,0x478,0x8004f,0x36,
0x47c,0x47a,0x47a,0x0,0x1,0x2,0x3003e,0x47b,
0x47c,0x50039,0x6,0x47d,0x3a,0x47b,0x3003e,0x46f,
0x47d,0x4003d,0x10,0x480,0x3f,0x8004f,0x36,0x481,
0x480,0x480,0x0,0x1,0x2,0x3003e,0x47f,0x481,
0x50039,0x6,0x482,0x3a,0x47f,0x3003e,0x47e,0x482,
0x4003d,0x6,0x484,0x47e,0x4003d,0x6,0x485,0x441,
0x4003d,0x6,0x486,0x451,0x7000c,0x6,0x487,0x1,
0x25,0x485,0x486,0x4003d,0x6,0x488,0x460,0x4003d,
0x6,0x489,0x46f,0x7000c,0x6,0x48a,0x1,0x25,
0x488,0x489,0x7000c,0x6,0x48b,0x1,0x25,0x487,
0x48a,0x7000c,0x6,0x48c,0x1,0x25,0x484,0x48b,
0x3003e,0x483,0x48c,0x4003d,0x6,0x48e,0x47e,0x4003d,
0x6,0x48f,0x441,0x4003d,0x6,0x490,0x451,0x7000c,
0x6,0x491,0x1,0x28,0x48f,0x490,0x4003d,0x6,
0x492,0x460,0x4003d,0x6,0x493,0x46f,0x7000c,0x6,
0x494,0x1,0x28,0x492,0x493,0x7000c,0x6,0x495,
0x1,0x28,0x491,0x494,0x7000c,0x6,0x496,0x1,
0x28,0x48e,0x495,0x3003e,0x48d,0x496,0x4003d,0x6,
0x498,0x48d,0x4003d,0x6,0x499,0x483,0x50083,0x6,
0x49a,0x498,0x499,0x3003e,0x497,0x49a,0x4003d,0x6,
0x49b,0x497,0x4003d,0x6,0x49d,0x48d,0x50085,0x6,
0x49f,0x49d,0x49e,0x7000c,0x6,0x4a0,0x1,0x28,
0x49c,0x49f,0x500b8,0x7b,0x4a1,0x49b,0x4a0,0x300f7,
0x4a3,0x0,0x400fa,0x4a1,0x4a2,0x4a3,0x200f8,0x4a2,
0x4003d,0x10,0x4a4,0x40,0x200fe,0x4a4,0x200f8,0x4a3,
0x4003d,0x6,0x4a7,0x460,0x4003d,0x6,0x4a8,0x46f,
0x50081,0x6,0x4a9,0x4a7,0x4a8,0x4003d,0x6,0x4aa,
0x441,0x4003d,0x6,0x4ab,0x451,0x50081,0x6,0x4ac,
0x4aa,0x4ab,0x50083,0x6,0x4ad,0x4a9,0x4ac,0x4003d,
0x6,0x4ae,0x441,0x4003d,0x6,0x4af,0x460,0x50081,
0x6,0x4b0,0x4ae,0x4af,0x4003d,0x6,0x4b1,0x451,
0x4003d,0x6,0x4b2,0x46f,0x50081,0x6,0x4b3,0x4b1,
0x4b2,0x50083,0x6,0x4b4,0x4b0,0x4b3,0x50050,0x7,
0x4b5,0x4ad,0x4b4,0x3003e,0x4a6,0x4b5,0x4003d,0x6,
0x4b7,0x441,0x4003d,0x6,0x4b8,0x451,0x50081,0x6,
0x4b9,0x4b7,0x4b8,0x4003d,0x6,0x4ba,0x460,0x50081,
0x6,0x4bb,0x4b9,0x4ba,0x4003d,0x6,0x4bc,0x46f,
0x50081,0x6,0x4bd,0x4bb,0x4bc,0x50085,0x6,0x4bf,
0x4bd,0x4be,0x7000c,0x6,0x4c1,0x1,0x28,0x4bf,
0x4c0,0x3003e,0x4b6,0x4c1,0x4003d,0x7,0x4c3,0x4a6,
0x50041,0x1f,0x4c4,0x4a6,0x1bb,0x4003d,0x6,0x4c5,
0x4c4,0x6000c,0x6,0x4c6,0x1,0x4,0x4c5,0x50041,
0x1f,0x4c7,0x4a6,0xe6,0x4003d,0x6,0x4c8,0x4c7,
0x6000c,0x6,0x4c9,0x1,0x4,0x4c8,0x7000c,0x6,
0x4ca,0x1,0x25,0x4c6,0x4c9,0x4003d,0x6,0x4cb,
0x4b6,0x50081,0x6,0x4cc,0x4ca,0x4cb,0x50050,0x7,
0x4cd,0x4cc,0x4cc,0x50088,0x7,0x4ce,0x4c3,0x4cd,
0x8000c,0x7,0x4d2,0x1,0x2b,0x4ce,0x4d0,0x4d1,
0x4003d,0x7,0x4d3,0x433,0x50085,0x7,0x4d4,0x4d2,
0x4d3,0x50050,0x7,0x4d6,0x4d5,0x4d5,0x50088,0x7,
0x4d7,0x4d4,0x4d6,0x3003e,0x4c2,0x4d7,0x4003d,0x7,
0x4d9,0x3e,0x4003d,0x7,0x4da,0x4c2,0x50083,0x7,
0x4db,0x4d9,0x4da,0x3003e,0x4dc,0x4db,0x4003d,0x7,
0x4de,0x41f,0x3003e,0x4dd,0x4de,0x4003d,0x7,0x4e0,
0x429,0x3003e,0x4df,0x4e0,0x70039,0x10,0x4e1,0x34,
0x4dc,0x4dd,0x4df,0x8004f,0x36,0x4e2,0x4e1,0x4e1,
0x0,0x1,0x2,0x4003d,0x7,0x4e3,0x3e,0x4003d,
0x7,0x4e4,0x4c2,0x50081,0x7,0x4e5,0x4e3,0x4e4,
0x3003e,0x4e6,0x4e5,0x4003d,0x7,0x4e8,0x41f,0x3003e,
0x4e7,0x4e8,0x4003d,0x7,0x4ea,0x429,0x3003e,0x4e9,
0x4ea,0x70039,0x10,0x4eb,0x34,0x4e6,0x4e7,0x4e9,
0x8004f,0x36,0x4ec,0x4eb,0x4eb,0x0,0x1,0x2,
0x50081,0x36,0x4ed,0x4e2,0x4ec,0x5008e,0x36,0x4ee,
0x4ed,0x4a,0x3003e,0x4d8,0x4ee,0x4003d,0x6,0x4f0,
0x48d,0x50085,0x6,0x4f1,0x4f0,0x49e,0x7000c,0x6,
0x4f2,0x1,0x28,0x49c,0x4f1,0x4003d,0x6,0x4f4,
0x48d,0x50085,0x6,0x4f6,0x4f4,0x4f5,0x7000c,0x6,
0x4f7,0x1,0x28,0x4f3,0x4f6,0x4003d,0x6,0x4f8,
0x497,0x8000c,0x6,0x4f9,0x1,0x31,0x4f2,0x4f7,
0x4f8,0x3003e,0x4ef,0x4f9,0x4003d,0x10,0x4fa,0x40,
0x8004f,0x36,0x4fb,0x4fa,0x4fa,0x0,0x1,0x2,
0x4003d,0x36,0x4fc,0x4d8,0x4003d,0x6,0x4fd,0x41b,
0x4003d,0x6,0x4fe,0x4ef,0x50085,0x6,0x4ff,0x4fd,
0x4fe,0x60050,0x36,0x500,0x4ff,0x4ff,0x4ff,0x8000c,
0x36,0x501,0x1,0x2e,0x4fb,0x4fc,0x500,0x50041,
0x1f,0x502,0x3f,0x282,0x4003d,0x6,0x503,0x502,
0x50051,0x6,0x504,0x501,0x0,0x50051,0x6,0x505,
0x501,0x1,0x50051,0x6,0x506,0x501,0x2,0x70050,
0x10,0x507,0x504,0x505,0x506,0x503,0x200fe,0x507,
0x10038,0x50036,0x10,0x44,0x0,0x11,0x30037,0x8,
0x43,0x200f8,0x45,0x4003b,0x8,0x513,0x7,0x4003b,
0x8,0x51d,0x7,0x4003b,0x8,0x527,0x7,0x4003b,
0x8,0x52c,0x7,0x4003b,0x3c,0x52f,0x7,0x4003b,
0x8,0x542,0x7,0x4003b,0x3c,0x544,0x7,0x4003b,
0x3c,0x546,0x7,0x4003b,0x8,0x549,0x7,0x4003b,
0x37,0x560,0x7,0x4003b,0x562,0x563,0x7,0x4003b,
0x1f,0x57b,0x7,0x4003b,0x37,0x58f,0x7,0x50041,
0x52,0x50a,0x50,0x9b,0x4003d,0x10,0x50b,0x50a,
0x7004f,0x7,0x50c,0x50b,0x50b,0x0,0x1,0x4003d,
0x7,0x50d,0x43,0x50041,0x52,0x50e,0x50,0x9b,
0x4003d,0x10,0x50f,0x50e,0x7004f,0x7,0x510,0x50f,
0x50f,0x2,0x3,0x50085,0x7,0x511,0x50d,0x510,
0x50081,0x7,0x512,0x50c,0x511,0x3003e,0x1c2,0x512,
0x50041,0x52,0x514,0x50,0xd8,0x4003d,0x10,0x515,
0x514,0x7004f,0x7,0x516,0x515,0x515,0x0,0x1,
0x50050,0x7,0x517,0x4a,0x4a,0x50081,0x7,0x518,
0x516,0x517,0x50041,0x52,0x519,0x50,0x91,0x4003d,
0x10,0x51a,0x519,0x7004f,0x7,0x51b,0x51a,0x51a,
0x0,0x1,0x50085,0x7,0x51c,0x518,0x51b,0x3003e,
0x513,0x51c,0x50041,0x52,0x51e,0x50,0xd8,0x4003d,
0x10,0x51f,0x51e,0x7004f,0x7,0x520,0x51f,0x51f,
0x2,0x3,0x50050,0x7,0x521,0x4a,0x4a,0x50081,
0x7,0x522,0x520,0x521,0x50041,0x52,0x523,0x50,
0x91,0x4003d,0x10,0x524,0x523,0x7004f,0x7,0x525,
0x524,0x524,0x0,0x1,0x50085,0x7,0x526,0x522,
0x525,0x3003e,0x51d,0x526,0x4003d,0x7,0x528,0x1c2,
0x4003d,0x7,0x529,0x513,0x4003d,0x7,0x52a,0x51d,
0x8000c,0x7,0x52b,0x1,0x2b,0x528,0x529,0x52a,
0x3003e,0x527,0x52b,0x4003d,0x7,0x52d,0x527,0x3003e,
0x52c,0x52d,0x50039,0x10,0x52e,0x13,0x52c,0x3003e,
0x1dd,0x52e,0x4003d,0x10,0x530,0x1dd,0x3003e,0x52f,
0x530,0x60041,0x1bc,0x531,0x50,0x20f,0x1bb,0x4003d,
0x6,0x532,0x531,0x500ba,0x7b,0x533,0x532,0x57,
0x300f7,0x535,0x0,0x400fa,0x533,0x534,0x535,0x200f8,
0x534,0x40039,0x2,0x536,0x2e,0x4003d,0x10,0x537,
0x3d6,0x3003e,0x52f,0x537,0x200f9,0x535,0x200f8,0x535,
0x300f7,0x53a,0x0,0x400fa,0x538,0x539,0x53a,0x200f8,
0x539,0x60041,0x1bc,0x53c,0x50,0x53b,0x240,0x4003d,
0x6,0x53d,0x53c,0x500ba,0x7b,0x53e,0x53d,0x57,
0x200f9,0x53a,0x200f8,0x53a,0x700f5,0x7b,0x53f,0x538,
0x535,0x53e,0x539,0x300f7,0x541,0x0,0x400fa,0x53f,
0x540,0x541,0x200f8,0x540,0x4003d,0x7,0x543,0x527,
0x3003e,0x542,0x543,0x4003d,0x10,0x545,0x1dd,0x3003e,
0x544,0x545,0x4003d,0x10,0x547,0x52f,0x3003e,0x546,
0x547,0x70039,0x10,0x548,0x41,0x542,0x544,0x546,
0x3003e,0x52f,0x548,0x200f9,0x541,0x200f8,0x541,0x4003d,
0x7,0x54a,0x527,0x50041,0x52,0x54b,0x50,0x91,
0x4003d,0x10,0x54c,0x54b,0x7004f,0x7,0x54d,0x54c,
0x54c,0x2,0x3,0x50085,0x7,0x54e,0x54a,0x54d,
0x50041,0x52,0x54f,0x50,0xd8,0x4003d,0x10,0x550,
0x54f,0x7004f,0x7,0x551,0x550,0x550,0x0,0x1,
0x50083,0x7,0x552,0x54e,0x551,0x50041,0x52,0x553,
0x50,0xd8,0x4003d,0x10,0x554,0x553,0x7004f,0x7,
0x555,0x554,0x554,0x2,0x3,0x50041,0x52,0x556,
0x50,0xd8,0x4003d,0x10,0x557,0x556,0x7004f,0x7,
0x558,0x557,0x557,0x0,0x1,0x50083,0x7,0x559,
0x555,0x558,0x50050,0x7,0x55a,0x59,0x59,0x50081,
0x7,0x55b,0x559,0x55a,0x50088,0x7,0x55c,0x552,
0x55b,0x5008e,0x7,0x55d,0x55c,0x5a,0x50050,0x7,
0x55e,0x59,0x59,0x50083,0x7,0x55f,0x55d,0x55e,
0x3003e,0x549,0x55f,0x3003e,0x560,0x561,0x3003e,0x563,
0x564,0x60041,0x1bc,0x566,0x50,0x565,0x1bb,0x4003d,
0x6,0x567,0x566,0x500b4,0x7b,0x568,0x567,0x5a,
0x300f7,0x56a,0x0,0x400fa,0x568,0x569,0x56a,0x200f8,
0x569,0x60041,0x1bc,0x56b,0x50,0x20f,0x1bb,0x4003d,
0x6,0x56c,0x56b,0x500ba,0x7b,0x56d,0x56c,0x57,
0x400a8,0x7b,0x56e,0x56d,0x300f7,0x570,0x0,0x400fa,
0x56e,0x56f,0x570,0x200f8,0x56f,0x300f7,0x572,0x0,
0x400fa,0x538,0x571,0x572,0x200f8,0x571,0x60041,0x1bc,
0x573,0x50,0x53b,0x240,0x4003d,0x6,0x574,0x573,
0x500ba,0x7b,0x575,0x574,0x57,0x200f9,0x572,0x200f8,
0x572,0x700f5,0x7b,0x576,0x538,0x56f,0x575,0x571,
0x200f9,0x570,0x200f8,0x570,0x700f5,0x7b,0x577,0x56d,
0x569,0x576,0x572,0x200f9,0x56a,0x200f8,0x56a,0x700f5,
0x7b,0x578,0x568,0x541,0x577,0x570,0x300f7,0x57a,
0x0,0x400fa,0x578,0x579,0x57a,0x200f8,0x579,0x4003d,
0x7,0x57c,0x549,0x4003d,0x7,0x57d,0x549,0x50094,
0x6,0x57e,0x57c,0x57d,0x8000c,0x6,0x57f,0x1,
0x31,0x205,0x206,0x57e,0x50083,0x6,0x580,0x59,
0x57f,0x3003e,0x57b,0x580,0x4003d,0x6,0x583,0x57b,
0x60050,0x36,0x584,0x583,0x583,0x583,0x8000c,0x36,
0x585,0x1,0x2e,0x581,0x582,0x584,0x3003e,0x560,
0x585,0x3003e,0x563,0x586,0x200f9,0x57a,0x200f8,0x57a,
0x4003d,0x7b,0x587,0x563,0x300f7,0x589,0x0,0x400fa,
0x587,0x588,0x589,0x200f8,0x588,0x4003d,0x10,0x58a,
0x52f,0x8004f,0x36,0x58b,0x58a,0x58a,0x0,0x1,
0x2,0x60041,0x1bc,0x58c,0x50,0x20f,0xe6,0x4003d,
0x6,0x58d,0x58c,0x500ba,0x7b,0x58e,0x58d,0x57,
0x300f7,0x591,0x0,0x400fa,0x58e,0x590,0x594,0x200f8,
0x590,0x4003d,0x36,0x592,0x560,0x8004f,0x36,0x593,
0x592,0x592,0x2,0x1,0x0,0x3003e,0x58f,0x593,
0x200f9,0x591,0x200f8,0x594,0x4003d,0x36,0x595,0x560,
0x3003e,0x58f,0x595,0x200f9,0x591,0x200f8,0x591,0x4003d,
0x36,0x596,0x58f,0x60050,0x36,0x598,0x597,0x597,
0x597,0x8000c,0x36,0x599,0x1,0x2e,0x58b,0x596,
0x598,0x50041,0x1f,0x59a,0x52f,0x1bb,0x50051,0x6,
0x59b,0x599,0x0,0x3003e,0x59a,0x59b,0x50041,0x1f,
0x59c,0x52f,0xe6,0x50051,0x6,0x59d,0x599,0x1,
0x3003e,0x59c,0x59d,0x50041,0x1f,0x59e,0x52f,0x240,
0x50051,0x6,0x59f,0x599,0x2,0x3003e,0x59e,0x59f,
0x200f9,0x589,0x200f8,0x589,0x4003d,0x10,0x5a0,0x52f,
0x200fe,0x5a0,0x10038,0x50036,0x36,0x48,0x0,0x46,
0x30037,0x37,0x47,0x200f8,0x49,0x4003d,0x36,0x5a3,
0x47,0x60050,0x36,0x5a5,0x5a4,0x5a4,0x5a4,0x50088,
0x36,0x5a6,0x5a3,0x5a5,0x4003d,0x36,0x5a7,0x47,
0x60050,0x36,0x5a9,0x5a8,0x5a8,0x5a8,0x50081,0x36,
0x5aa,0x5a7,0x5a9,0x60050,0x36,0x5ac,0x5ab,0x5ab,
0x5ab,0x50088,0x36,0x5ad,0x5aa,0x5ac,0x7000c,0x36,
0x5b0,0x1,0x1a,0x5ad,0x5af,0x4003d,0x36,0x5b1,
0x47,0x500ba,0x5b4,0x5b5,0x5b1,0x5b3,0x600a9,0x36,
0x5b6,0x5b5,0x5b0,0x5a6,0x200fe,0x5b6,0x10038,
};
inline constexpr uint32_t presentEdge[]={
0x7230203,0x10300,0x8000b,0x70e,0x0,0x20011,0x1,0x6000b,
0x1,0x4c534c47,0x6474732e,0x3035342e,0x0,0x3000e,0x0,0x1,
0x7000f,0x4,0x4,0x6e69616d,0x0,0x431,0x61a,0x30010,
0x4,0x7,0x30003,0x2,0x1c2,0x40005,0x4,0x6e69616d,
0x0,0x70005,0xb,0x6e617274,0x726f7073,0x28765574,0x3b326676,0x0,
0x40005,0xa,0x726f6f63,0x64,0x60005,0xe,0x746e6563,0x556c6172,
0x66762876,0x3b32,0x40005,0xd,0x726f6f63,0x64,0x60005,0x13,
0x6e656373,0x61655265,0x66762864,0x3b32,0x40005,0x12,0x726f6f63,0x64,
0x60005,0x1a,0x6e656373,0x74654665,0x76286863,0x3b3269,0x40005,0x19,
0x65786970,0x6c,0x70005,0x1d,0x6e656373,0x74614765,0x28726568,0x3b326676,
0x0,0x40005,0x1c,0x726f6f63,0x64,0x70005,0x22,0x74736166,
0x636e614c,0x32736f7a,0x3b316628,0x0,0x30005,0x21,0x78,0x80005,
0x2b,0x67696577,0x28597468,0x663b3166,0x31663b31,0x3366763b,0x3b,0x30005,
0x27,0x7864,0x30005,0x28,0x7964,0x30005,0x29,0x63,
0x40005,0x2a,0x61746164,0x0,0x80005,0x31,0x65676465,0x65726944,
0x6f697463,0x6676286e,0x66763b34,0x3b34,0x40005,0x2f,0x7466656c,0x0,
0x40005,0x30,0x68676972,0x74,0x60005,0x34,0x68746167,0x79457265,
0x66762865,0x3b32,0x40005,0x33,0x726f6f63,0x64,0x50005,0x36,
0x63737075,0x28656c61,0x0,0x70005,0x3c,0x65526161,0x76286461,0x763b3266,
0x763b3266,0x3b3266,0x40005,0x39,0x726f6f63,0x64,0x30005,0x3a,
0x6f6c,0x30005,0x3b,0x6968,0x50005,0x40,0x754c6161,0x7628616d,
0x3b3366,0x30005,0x3f,0x63,0x90005,0x46,0x6867696c,0x69657774,
0x41746867,0x66762841,0x66763b32,0x66763b34,0x3b34,0x30005,0x43,0x736f70,
0x50005,0x44,0x6769726f,0x6c616e69,0x0,0x60005,0x45,0x6f636572,
0x7274736e,0x65746375,0x64,0x70005,0x49,0x706d6173,0x6353656c,0x28656e65,
0x3b326676,0x0,0x30005,0x48,0x736f70,0x70005,0x4d,0x656e696c,
0x6f437261,0x28726f6c,0x3b336676,0x0,0x30005,0x4c,0x63,0x50005,
0x53,0x61726150,0x6574656d,0x7372,0x50006,0x53,0x0,0x706f7263,
0x0,0x60006,0x53,0x1,0x77656976,0x74726f70,0x0,0x50006,
0x53,0x2,0x6e756f62,0x7364,0x50006,0x53,0x3,0x746e6f63,
0x6c6f72,0x50006,0x53,0x4,0x67616c66,0x73,0x50006,0x53,
0x5,0x746e6f63,0x746e65,0x60006,0x53,0x6,0x61617866,0x63746150,
0x68,0x50006,0x53,0x7,0x6b636170,0x676e69,0x50005,0x55,
0x61507278,0x736d6172,0x0,0x30005,0x7e,0x307370,0x50005,0x81,
0x6b636170,0x6e496465,0x747570,0x40005,0x85,0x61726170,0x6d,0x40005,
0x9b,0x61726170,0x6d,0x30005,0xb0,0x776f6c,0x40005,0xc9,
0x61726170,0x6d,0x40005,0xd0,0x65786970,0x6c,0x40005,0xe8,
0x61726170,0x6d,0x40005,0xf9,0x61726170,0x6d,0x40005,0x108,
0x61726170,0x6d,0x40005,0x115,0x61726170,0x6d,0x30005,0x11b,
0x4177,0x30005,0x11f,0x4277,0x30005,0x12d,0x647473,0x30005,
0x131,0x726964,0x40005,0x134,0x65676465,0x736944,0x30005,0x13e,
0x78,0x30005,0x155,0x77,0x40005,0x156,0x61726170,0x6d,
0x40005,0x160,0x7a4c7852,0x0,0x40005,0x168,0x794c7752,0x0,
0x40005,0x170,0x746c6564,0x61,0x50005,0x17a,0x676e656c,0x6e496874,
0x76,0x30005,0x189,0x726964,0x60005,0x197,0x746e6563,0x536c6172,
0x6c706d61,0x676e69,0x40005,0x1a8,0x61726170,0x6d,0x30005,0x1ac,
0x70,0x40005,0x1c9,0x61726170,0x6d,0x40005,0x1d8,0x61726170,
0x6d,0x40005,0x1e6,0x61726170,0x6d,0x40005,0x1f4,0x61726170,
0x6d,0x40005,0x201,0x61726170,0x6d,0x40005,0x208,0x65646f6d,
0x0,0x60005,0x209,0x65676465,0x65726854,0x6c6f6873,0x64,0x60005,
0x20b,0x65676465,0x72616853,0x73656e70,0x73,0x40005,0x211,0x746e6563,
0x7265,0x30005,0x213,0x7675,0x50005,0x22c,0x75706e69,0x6c6f4374,
0x726f,0x50005,0x22e,0x65436161,0x7265746e,0x0,0x40005,0x230,
0x6f6c6f63,0x72,0x40005,0x232,0x53657965,0x657a69,0x50005,0x23e,
0x50657965,0x7469736f,0x6e6f69,0x40005,0x24c,0x69646172,0x6c61,0x60005,
0x251,0x69646172,0x71537375,0x65726175,0x64,0x50005,0x255,0x72736773,
0x67696557,0x7468,0x50005,0x267,0x43676d69,0x64726f6f,0x0,0x60005,
0x270,0x43676d69,0x64726f6f,0x65786950,0x6c,0x40005,0x273,0x726f6f63,
0x64,0x50005,0x279,0x68746167,0x74537265,0x7065,0x40005,0x27f,
0x61726170,0x6d,0x30005,0x287,0x6c70,0x40005,0x28c,0x7466656c,
0x0,0x40005,0x28d,0x61726170,0x6d,0x50005,0x290,0x65676465,
0x65746f56,0x0,0x40005,0x2b2,0x68676972,0x74,0x40005,0x2b8,
0x61726170,0x6d,0x40005,0x2ba,0x6f447075,0x6e77,0x40005,0x2c1,
0x61726170,0x6d,0x40005,0x2cd,0x61726170,0x6d,0x40005,0x2d4,
0x6e61656d,0x0,0x30005,0x2f4,0x6d7573,0x40005,0x324,0x4d6d7573,
0x6e6165,0x40005,0x32a,0x61746164,0x0,0x40005,0x32e,0x61726170,
0x6d,0x40005,0x330,0x61726170,0x6d,0x30005,0x336,0x595761,
0x40005,0x33a,0x61726170,0x6d,0x40005,0x33d,0x61726170,0x6d,
0x40005,0x33e,0x61726170,0x6d,0x40005,0x341,0x61726170,0x6d,
0x40005,0x34a,0x61726170,0x6d,0x40005,0x34b,0x61726170,0x6d,
0x40005,0x34c,0x61726170,0x6d,0x40005,0x34f,0x61726170,0x6d,
0x40005,0x35a,0x61726170,0x6d,0x40005,0x35b,0x61726170,0x6d,
0x40005,0x35c,0x61726170,0x6d,0x40005,0x35f,0x61726170,0x6d,
0x40005,0x367,0x61726170,0x6d,0x40005,0x36a,0x61726170,0x6d,
0x40005,0x36b,0x61726170,0x6d,0x40005,0x36e,0x61726170,0x6d,
0x40005,0x379,0x61726170,0x6d,0x40005,0x37a,0x61726170,0x6d,
0x40005,0x37b,0x61726170,0x6d,0x40005,0x37e,0x61726170,0x6d,
0x40005,0x386,0x61726170,0x6d,0x40005,0x389,0x61726170,0x6d,
0x40005,0x38a,0x61726170,0x6d,0x40005,0x38d,0x61726170,0x6d,
0x40005,0x392,0x61726170,0x6d,0x40005,0x395,0x61726170,0x6d,
0x40005,0x398,0x61726170,0x6d,0x40005,0x39b,0x61726170,0x6d,
0x40005,0x3a3,0x61726170,0x6d,0x40005,0x3a4,0x61726170,0x6d,
0x40005,0x3a7,0x61726170,0x6d,0x40005,0x3aa,0x61726170,0x6d,
0x40005,0x3b5,0x61726170,0x6d,0x40005,0x3b6,0x61726170,0x6d,
0x40005,0x3b7,0x61726170,0x6d,0x40005,0x3ba,0x61726170,0x6d,
0x40005,0x3c5,0x61726170,0x6d,0x40005,0x3c6,0x61726170,0x6d,
0x40005,0x3c7,0x61726170,0x6d,0x40005,0x3ca,0x61726170,0x6d,
0x40005,0x3d2,0x61726170,0x6d,0x40005,0x3d3,0x61726170,0x6d,
0x40005,0x3d6,0x61726170,0x6d,0x40005,0x3d9,0x61726170,0x6d,
0x40005,0x3e1,0x61726170,0x6d,0x40005,0x3e2,0x61726170,0x6d,
0x40005,0x3e5,0x61726170,0x6d,0x40005,0x3e8,0x61726170,0x6d,
0x40005,0x3ed,0x616e6966,0x596c,0x40005,0x3f3,0x5978616d,0x0,
0x40005,0x3ff,0x596e696d,0x0,0x40005,0x411,0x746c6564,0x5961,
0x50005,0x431,0x5f74756f,0x67726154,0x307465,0x40005,0x43f,0x61726170,
0x6d,0x40005,0x455,0x69646172,0x6c61,0x60005,0x46c,0x69646172,
0x71537375,0x65726175,0x64,0x40005,0x476,0x67696577,0x7468,0x30005,
0x47a,0x6f6c,0x30005,0x484,0x6968,0x40005,0x48e,0x70657473,
0x7655,0x40005,0x494,0x61726170,0x6d,0x30005,0x49c,0x776e,
0x40005,0x4a2,0x61726170,0x6d,0x40005,0x4a3,0x61726170,0x6d,
0x40005,0x4a5,0x61726170,0x6d,0x40005,0x4a8,0x61726170,0x6d,
0x30005,0x4ab,0x656e,0x40005,0x4b1,0x61726170,0x6d,0x40005,
0x4b2,0x61726170,0x6d,0x40005,0x4b4,0x61726170,0x6d,0x40005,
0x4b7,0x61726170,0x6d,0x30005,0x4ba,0x7773,0x40005,0x4c0,
0x61726170,0x6d,0x40005,0x4c1,0x61726170,0x6d,0x40005,0x4c3,
0x61726170,0x6d,0x40005,0x4c6,0x61726170,0x6d,0x30005,0x4c9,
0x6573,0x40005,0x4cf,0x61726170,0x6d,0x40005,0x4d0,0x61726170,
0x6d,0x40005,0x4d2,0x61726170,0x6d,0x40005,0x4d5,0x61726170,
0x6d,0x30005,0x4d8,0x6d,0x40005,0x4d9,0x61726170,0x6d,
0x30005,0x4dd,0x776f6c,0x40005,0x4e7,0x68676968,0x0,0x50005,
0x4f1,0x746e6f63,0x74736172,0x0,0x40005,0x500,0x676e6174,0x746e65,
0x40005,0x510,0x75646572,0x6563,0x50005,0x51c,0x664f6161,0x74657366,
0x0,0x50005,0x532,0x746c6966,0x64657265,0x0,0x40005,0x536,
0x61726170,0x6d,0x40005,0x537,0x61726170,0x6d,0x40005,0x539,
0x61726170,0x6d,0x40005,0x540,0x61726170,0x6d,0x40005,0x541,
0x61726170,0x6d,0x40005,0x543,0x61726170,0x6d,0x50005,0x549,
0x666e6f63,0x6e656469,0x6563,0x30005,0x56d,0x6f6c,0x30005,0x577,
0x6968,0x40005,0x581,0x746e6563,0x7265,0x40005,0x586,0x61726170,
0x6d,0x40005,0x589,0x75736572,0x746c,0x50005,0x592,0x61617866,
0x62616e45,0x64656c,0x40005,0x59c,0x61726170,0x6d,0x40005,0x59e,
0x61726170,0x6d,0x40005,0x5a0,0x61726170,0x6d,0x40005,0x5a3,
0x69646172,0x6c61,0x40005,0x5ba,0x746e6974,0x0,0x40005,0x5bd,
0x75626564,0x67,0x40005,0x5d5,0x67696577,0x7468,0x30005,0x618,
0x71,0x50005,0x61a,0x65726373,0x76556e65,0x0,0x40005,0x624,
0x69736e69,0x6564,0x40005,0x62e,0x656d6167,0x0,0x40005,0x63d,
0x7265766f,0x79616c,0x60005,0x63e,0x7265766f,0x5479616c,0x75747865,0x6572,
0x30005,0x642,0x63,0x40005,0x649,0x61726170,0x6d,0x40005,
0x64d,0x61726170,0x6d,0x40005,0x662,0x61726170,0x6d,0x30005,
0x68a,0x71,0x50005,0x69d,0x666c6168,0x65786554,0x6c,0x40005,
0x6a9,0x6d616c63,0x646570,0x40005,0x6b0,0x61726170,0x6d,0x30005,
0x6c6,0x61,0x40005,0x6dc,0x61726170,0x6d,0x40005,0x6e8,
0x61726170,0x6d,0x40005,0x6f4,0x61726170,0x6d,0x40005,0x700,
0x61726170,0x6d,0x30047,0x13,0x0,0x30047,0x1a,0x0,
0x30047,0x1d,0x0,0x30047,0x21,0x0,0x30047,0x22,
0x0,0x30047,0x27,0x0,0x30047,0x28,0x0,0x30047,
0x29,0x0,0x30047,0x2b,0x0,0x30047,0x2f,0x0,
0x30047,0x30,0x0,0x30047,0x31,0x0,0x30047,0x34,
0x0,0x30047,0x3c,0x0,0x30047,0x3f,0x0,0x30047,
0x40,0x0,0x30047,0x44,0x0,0x30047,0x45,0x0,
0x30047,0x46,0x0,0x30047,0x49,0x0,0x30047,0x4c,
0x0,0x30047,0x4d,0x0,0x30047,0x53,0x2,0x50048,
0x53,0x0,0x23,0x0,0x50048,0x53,0x1,0x23,
0x10,0x50048,0x53,0x2,0x23,0x20,0x50048,0x53,
0x3,0x23,0x30,0x50048,0x53,0x4,0x23,0x40,
0x50048,0x53,0x5,0x23,0x50,0x50048,0x53,0x6,
0x23,0x60,0x50048,0x53,0x7,0x23,0x70,0x40047,
0x7e,0x21,0x0,0x40047,0x7e,0x22,0x0,0x40047,
0x81,0x1,0x1,0x30047,0x8c,0x0,0x30047,0x8d,
0x0,0x30047,0x9c,0x0,0x30047,0xa3,0x0,0x30047,
0xa4,0x0,0x30047,0xad,0x0,0x30047,0xae,0x0,
0x30047,0xcd,0x0,0x30047,0xce,0x0,0x30047,0xe9,
0x0,0x30047,0xec,0x0,0x30047,0xfa,0x0,0x30047,
0xfb,0x0,0x30047,0x109,0x0,0x30047,0x10a,0x0,
0x30047,0x116,0x0,0x30047,0x117,0x0,0x30047,0x118,
0x0,0x30047,0x11b,0x0,0x30047,0x11c,0x0,0x30047,
0x11e,0x0,0x30047,0x11f,0x0,0x30047,0x120,0x0,
0x30047,0x121,0x0,0x30047,0x122,0x0,0x30047,0x123,
0x0,0x30047,0x124,0x0,0x30047,0x125,0x0,0x30047,
0x126,0x0,0x30047,0x127,0x0,0x30047,0x128,0x0,
0x30047,0x129,0x0,0x30047,0x12a,0x0,0x30047,0x131,
0x0,0x30047,0x134,0x0,0x30047,0x135,0x0,0x30047,
0x137,0x0,0x30047,0x138,0x0,0x30047,0x139,0x0,
0x30047,0x13b,0x0,0x30047,0x13c,0x0,0x30047,0x13d,
0x0,0x30047,0x13e,0x0,0x30047,0x13f,0x0,0x30047,
0x140,0x0,0x30047,0x141,0x0,0x30047,0x142,0x0,
0x30047,0x143,0x0,0x30047,0x144,0x0,0x30047,0x145,
0x0,0x30047,0x146,0x0,0x30047,0x147,0x0,0x30047,
0x148,0x0,0x30047,0x149,0x0,0x30047,0x14a,0x0,
0x30047,0x14b,0x0,0x30047,0x155,0x0,0x30047,0x156,
0x0,0x30047,0x157,0x0,0x30047,0x158,0x0,0x30047,
0x159,0x0,0x30047,0x15a,0x0,0x30047,0x15b,0x0,
0x30047,0x15c,0x0,0x30047,0x15d,0x0,0x30047,0x160,
0x0,0x30047,0x162,0x0,0x30047,0x165,0x0,0x30047,
0x166,0x0,0x30047,0x167,0x0,0x30047,0x168,0x0,
0x30047,0x16b,0x0,0x30047,0x16d,0x0,0x30047,0x16e,
0x0,0x30047,0x16f,0x0,0x30047,0x170,0x0,0x30047,
0x171,0x0,0x30047,0x172,0x0,0x30047,0x173,0x0,
0x30047,0x175,0x0,0x30047,0x176,0x0,0x30047,0x177,
0x0,0x30047,0x178,0x0,0x30047,0x17a,0x0,0x30047,
0x17c,0x0,0x30047,0x17e,0x0,0x30047,0x17f,0x0,
0x30047,0x181,0x0,0x30047,0x183,0x0,0x30047,0x185,
0x0,0x30047,0x186,0x0,0x30047,0x187,0x0,0x30047,
0x188,0x0,0x30047,0x189,0x0,0x30047,0x18b,0x0,
0x30047,0x18c,0x0,0x30047,0x18d,0x0,0x30047,0x190,
0x0,0x30047,0x191,0x0,0x30047,0x192,0x0,0x30047,
0x194,0x0,0x40047,0x197,0x1,0x2,0x30047,0x19d,
0x0,0x30047,0x19e,0x0,0x30047,0x1aa,0x0,0x30047,
0x1cb,0x0,0x30047,0x1d9,0x0,0x30047,0x1da,0x0,
0x30047,0x1e7,0x0,0x30047,0x1e8,0x0,0x30047,0x1f5,
0x0,0x30047,0x1f6,0x0,0x30047,0x202,0x0,0x30047,
0x203,0x0,0x30047,0x204,0x0,0x30047,0x209,0x0,
0x30047,0x20b,0x0,0x30047,0x22c,0x0,0x30047,0x22e,
0x0,0x30047,0x22f,0x0,0x30047,0x230,0x0,0x30047,
0x231,0x0,0x30047,0x255,0x0,0x30047,0x287,0x0,
0x30047,0x28c,0x0,0x30047,0x28f,0x0,0x30047,0x290,
0x0,0x30047,0x292,0x0,0x30047,0x294,0x0,0x30047,
0x295,0x0,0x30047,0x296,0x0,0x30047,0x299,0x0,
0x30047,0x29b,0x0,0x30047,0x29c,0x0,0x30047,0x29d,
0x0,0x30047,0x29e,0x0,0x30047,0x2a1,0x0,0x30047,
0x2a3,0x0,0x30047,0x2a4,0x0,0x30047,0x2a5,0x0,
0x30047,0x2a6,0x0,0x30047,0x2a7,0x0,0x30047,0x2a8,
0x0,0x30047,0x2b2,0x0,0x30047,0x2b9,0x0,0x30047,
0x2ba,0x0,0x30047,0x2c2,0x0,0x30047,0x2c3,0x0,
0x30047,0x2ce,0x0,0x30047,0x2cf,0x0,0x30047,0x2d4,
0x0,0x30047,0x2d6,0x0,0x30047,0x2d8,0x0,0x30047,
0x2d9,0x0,0x30047,0x2db,0x0,0x30047,0x2dc,0x0,
0x30047,0x2de,0x0,0x30047,0x2df,0x0,0x30047,0x2e1,
0x0,0x30047,0x2e2,0x0,0x30047,0x2e3,0x0,0x30047,
0x2e4,0x0,0x30047,0x2e5,0x0,0x30047,0x2e6,0x0,
0x30047,0x2e7,0x0,0x30047,0x2e8,0x0,0x30047,0x2e9,
0x0,0x30047,0x2ea,0x0,0x30047,0x2eb,0x0,0x30047,
0x2ec,0x0,0x30047,0x2ed,0x0,0x30047,0x2f0,0x0,
0x30047,0x2f1,0x0,0x30047,0x2f2,0x0,0x30047,0x2f4,
0x0,0x30047,0x2f6,0x0,0x30047,0x2f7,0x0,0x30047,
0x2f9,0x0,0x30047,0x2fa,0x0,0x30047,0x2fb,0x0,
0x30047,0x2fd,0x0,0x30047,0x2fe,0x0,0x30047,0x2ff,
0x0,0x30047,0x301,0x0,0x30047,0x302,0x0,0x30047,
0x303,0x0,0x30047,0x305,0x0,0x30047,0x306,0x0,
0x30047,0x308,0x0,0x30047,0x309,0x0,0x30047,0x30a,
0x0,0x30047,0x30c,0x0,0x30047,0x30d,0x0,0x30047,
0x30e,0x0,0x30047,0x310,0x0,0x30047,0x311,0x0,
0x30047,0x312,0x0,0x30047,0x313,0x0,0x30047,0x315,
0x0,0x30047,0x316,0x0,0x30047,0x318,0x0,0x30047,
0x319,0x0,0x30047,0x31a,0x0,0x30047,0x31c,0x0,
0x30047,0x31d,0x0,0x30047,0x31e,0x0,0x30047,0x320,
0x0,0x30047,0x321,0x0,0x30047,0x322,0x0,0x30047,
0x323,0x0,0x30047,0x326,0x0,0x30047,0x32e,0x0,
0x30047,0x32f,0x0,0x30047,0x330,0x0,0x30047,0x331,
0x0,0x30047,0x332,0x0,0x30047,0x336,0x0,0x30047,
0x338,0x0,0x30047,0x339,0x0,0x30047,0x33a,0x0,
0x30047,0x33c,0x0,0x30047,0x33d,0x0,0x30047,0x33e,
0x0,0x30047,0x340,0x0,0x30047,0x343,0x0,0x30047,
0x345,0x0,0x30047,0x346,0x0,0x30047,0x348,0x0,
0x30047,0x349,0x0,0x30047,0x34a,0x0,0x30047,0x34b,
0x0,0x30047,0x34c,0x0,0x30047,0x34e,0x0,0x30047,
0x351,0x0,0x30047,0x352,0x0,0x30047,0x353,0x0,
0x30047,0x355,0x0,0x30047,0x356,0x0,0x30047,0x358,
0x0,0x30047,0x359,0x0,0x30047,0x35a,0x0,0x30047,
0x35b,0x0,0x30047,0x35c,0x0,0x30047,0x35e,0x0,
0x30047,0x361,0x0,0x30047,0x362,0x0,0x30047,0x363,
0x0,0x30047,0x365,0x0,0x30047,0x366,0x0,0x30047,
0x367,0x0,0x30047,0x369,0x0,0x30047,0x36a,0x0,
0x30047,0x36b,0x0,0x30047,0x36d,0x0,0x30047,0x370,
0x0,0x30047,0x371,0x0,0x30047,0x372,0x0,0x30047,
0x374,0x0,0x30047,0x375,0x0,0x30047,0x377,0x0,
0x30047,0x378,0x0,0x30047,0x379,0x0,0x30047,0x37a,
0x0,0x30047,0x37b,0x0,0x30047,0x37d,0x0,0x30047,
0x380,0x0,0x30047,0x381,0x0,0x30047,0x382,0x0,
0x30047,0x384,0x0,0x30047,0x385,0x0,0x30047,0x386,
0x0,0x30047,0x388,0x0,0x30047,0x389,0x0,0x30047,
0x38a,0x0,0x30047,0x38c,0x0,0x30047,0x38f,0x0,
0x30047,0x390,0x0,0x30047,0x391,0x0,0x30047,0x392,
0x0,0x30047,0x394,0x0,0x30047,0x395,0x0,0x30047,
0x397,0x0,0x30047,0x398,0x0,0x30047,0x39a,0x0,
0x30047,0x39d,0x0,0x30047,0x39e,0x0,0x30047,0x39f,
0x0,0x30047,0x3a1,0x0,0x30047,0x3a2,0x0,0x30047,
0x3a3,0x0,0x30047,0x3a4,0x0,0x30047,0x3a6,0x0,
0x30047,0x3a7,0x0,0x30047,0x3a9,0x0,0x30047,0x3ac,
0x0,0x30047,0x3ad,0x0,0x30047,0x3ae,0x0,0x30047,
0x3b0,0x0,0x30047,0x3b1,0x0,0x30047,0x3b3,0x0,
0x30047,0x3b4,0x0,0x30047,0x3b5,0x0,0x30047,0x3b6,
0x0,0x30047,0x3b7,0x0,0x30047,0x3b9,0x0,0x30047,
0x3bc,0x0,0x30047,0x3bd,0x0,0x30047,0x3be,0x0,
0x30047,0x3c0,0x0,0x30047,0x3c1,0x0,0x30047,0x3c3,
0x0,0x30047,0x3c4,0x0,0x30047,0x3c5,0x0,0x30047,
0x3c6,0x0,0x30047,0x3c7,0x0,0x30047,0x3c9,0x0,
0x30047,0x3cc,0x0,0x30047,0x3cd,0x0,0x30047,0x3ce,
0x0,0x30047,0x3d0,0x0,0x30047,0x3d1,0x0,0x30047,
0x3d2,0x0,0x30047,0x3d3,0x0,0x30047,0x3d5,0x0,
0x30047,0x3d6,0x0,0x30047,0x3d8,0x0,0x30047,0x3db,
0x0,0x30047,0x3dc,0x0,0x30047,0x3dd,0x0,0x30047,
0x3df,0x0,0x30047,0x3e0,0x0,0x30047,0x3e1,0x0,
0x30047,0x3e2,0x0,0x30047,0x3e4,0x0,0x30047,0x3e5,
0x0,0x30047,0x3e7,0x0,0x30047,0x3ea,0x0,0x30047,
0x3eb,0x0,0x30047,0x3ec,0x0,0x30047,0x3ed,0x0,
0x30047,0x3ef,0x0,0x30047,0x3f1,0x0,0x30047,0x3f2,
0x0,0x30047,0x3f3,0x0,0x30047,0x3f5,0x0,0x30047,
0x3f7,0x0,0x30047,0x3f8,0x0,0x30047,0x3fa,0x0,
0x30047,0x3fc,0x0,0x30047,0x3fd,0x0,0x30047,0x3fe,
0x0,0x30047,0x3ff,0x0,0x30047,0x401,0x0,0x30047,
0x403,0x0,0x30047,0x404,0x0,0x30047,0x406,0x0,
0x30047,0x408,0x0,0x30047,0x409,0x0,0x30047,0x40a,
0x0,0x30047,0x40b,0x0,0x30047,0x40c,0x0,0x30047,
0x40d,0x0,0x30047,0x40e,0x0,0x30047,0x40f,0x0,
0x30047,0x410,0x0,0x30047,0x411,0x0,0x30047,0x412,
0x0,0x30047,0x414,0x0,0x30047,0x415,0x0,0x30047,
0x416,0x0,0x30047,0x419,0x0,0x30047,0x41a,0x0,
0x30047,0x41b,0x0,0x30047,0x41c,0x0,0x30047,0x41d,
0x0,0x30047,0x41e,0x0,0x30047,0x41f,0x0,0x30047,
0x420,0x0,0x30047,0x421,0x0,0x30047,0x422,0x0,
0x30047,0x423,0x0,0x30047,0x424,0x0,0x30047,0x425,
0x0,0x30047,0x426,0x0,0x30047,0x42e,0x0,0x30047,
0x431,0x0,0x40047,0x431,0x1e,0x0,0x30047,0x432,
0x0,0x30047,0x438,0x0,0x30047,0x439,0x0,0x30047,
0x440,0x0,0x30047,0x446,0x0,0x30047,0x449,0x0,
0x30047,0x44a,0x0,0x30047,0x44c,0x0,0x30047,0x44d,
0x0,0x30047,0x452,0x0,0x30047,0x474,0x0,0x30047,
0x476,0x0,0x30047,0x49c,0x0,0x30047,0x4a7,0x0,
0x30047,0x4a8,0x0,0x30047,0x4a9,0x0,0x30047,0x4aa,
0x0,0x30047,0x4ab,0x0,0x30047,0x4b6,0x0,0x30047,
0x4b7,0x0,0x30047,0x4b8,0x0,0x30047,0x4b9,0x0,
0x30047,0x4ba,0x0,0x30047,0x4c5,0x0,0x30047,0x4c6,
0x0,0x30047,0x4c7,0x0,0x30047,0x4c8,0x0,0x30047,
0x4c9,0x0,0x30047,0x4d4,0x0,0x30047,0x4d5,0x0,
0x30047,0x4d6,0x0,0x30047,0x4d7,0x0,0x30047,0x4d8,
0x0,0x30047,0x4d9,0x0,0x30047,0x4da,0x0,0x30047,
0x4db,0x0,0x30047,0x4dc,0x0,0x30047,0x4dd,0x0,
0x30047,0x4de,0x0,0x30047,0x4df,0x0,0x30047,0x4e0,
0x0,0x30047,0x4e1,0x0,0x30047,0x4e2,0x0,0x30047,
0x4e3,0x0,0x30047,0x4e4,0x0,0x30047,0x4e5,0x0,
0x30047,0x4e6,0x0,0x30047,0x4e7,0x0,0x30047,0x4e8,
0x0,0x30047,0x4e9,0x0,0x30047,0x4ea,0x0,0x30047,
0x4eb,0x0,0x30047,0x4ec,0x0,0x30047,0x4ed,0x0,
0x30047,0x4ee,0x0,0x30047,0x4ef,0x0,0x30047,0x4f0,
0x0,0x30047,0x4f1,0x0,0x30047,0x4f2,0x0,0x30047,
0x4f3,0x0,0x30047,0x4f4,0x0,0x30047,0x4f5,0x0,
0x30047,0x4f7,0x0,0x30047,0x4f9,0x0,0x30047,0x4fa,
0x0,0x30047,0x4fe,0x0,0x30047,0x500,0x0,0x30047,
0x501,0x0,0x30047,0x502,0x0,0x30047,0x503,0x0,
0x30047,0x504,0x0,0x30047,0x505,0x0,0x30047,0x506,
0x0,0x30047,0x507,0x0,0x30047,0x508,0x0,0x30047,
0x509,0x0,0x30047,0x50a,0x0,0x30047,0x50b,0x0,
0x30047,0x50c,0x0,0x30047,0x50d,0x0,0x30047,0x50e,
0x0,0x30047,0x50f,0x0,0x30047,0x510,0x0,0x30047,
0x511,0x0,0x30047,0x512,0x0,0x30047,0x513,0x0,
0x30047,0x514,0x0,0x30047,0x515,0x0,0x30047,0x516,
0x0,0x30047,0x517,0x0,0x30047,0x519,0x0,0x30047,
0x51b,0x0,0x30047,0x51d,0x0,0x30047,0x51f,0x0,
0x30047,0x520,0x0,0x30047,0x522,0x0,0x30047,0x523,
0x0,0x30047,0x524,0x0,0x30047,0x525,0x0,0x30047,
0x526,0x0,0x30047,0x527,0x0,0x30047,0x528,0x0,
0x30047,0x52c,0x0,0x30047,0x532,0x0,0x30047,0x53b,
0x0,0x30047,0x53c,0x0,0x30047,0x545,0x0,0x30047,
0x546,0x0,0x30047,0x547,0x0,0x30047,0x548,0x0,
0x30047,0x549,0x0,0x30047,0x54a,0x0,0x30047,0x54b,
0x0,0x30047,0x54c,0x0,0x30047,0x54e,0x0,0x30047,
0x550,0x0,0x30047,0x551,0x0,0x30047,0x552,0x0,
0x30047,0x553,0x0,0x30047,0x554,0x0,0x30047,0x555,
0x0,0x30047,0x556,0x0,0x30047,0x557,0x0,0x30047,
0x558,0x0,0x30047,0x559,0x0,0x30047,0x55a,0x0,
0x30047,0x55b,0x0,0x30047,0x55d,0x0,0x30047,0x55e,
0x0,0x30047,0x55f,0x0,0x30047,0x560,0x0,0x30047,
0x561,0x0,0x30047,0x588,0x0,0x30047,0x589,0x0,
0x30047,0x58a,0x0,0x30047,0x591,0x0,0x40047,0x592,
0x1,0x0,0x30047,0x59e,0x0,0x30047,0x59f,0x0,
0x30047,0x5a0,0x0,0x30047,0x5a1,0x0,0x30047,0x5a2,
0x0,0x30047,0x5ba,0x0,0x30047,0x5d5,0x0,0x30047,
0x5dd,0x0,0x30047,0x5de,0x0,0x30047,0x5df,0x0,
0x30047,0x5e4,0x0,0x30047,0x5e5,0x0,0x30047,0x5e9,
0x0,0x30047,0x5ec,0x0,0x30047,0x5ed,0x0,0x30047,
0x5ef,0x0,0x30047,0x5f0,0x0,0x30047,0x5f2,0x0,
0x30047,0x5f3,0x0,0x30047,0x5fa,0x0,0x30047,0x5fd,
0x0,0x30047,0x5ff,0x0,0x30047,0x600,0x0,0x30047,
0x601,0x0,0x30047,0x603,0x0,0x30047,0x604,0x0,
0x30047,0x606,0x0,0x30047,0x607,0x0,0x30047,0x60a,
0x0,0x30047,0x60b,0x0,0x30047,0x60f,0x0,0x30047,
0x610,0x0,0x40047,0x61a,0x1e,0x0,0x30047,0x62e,
0x0,0x30047,0x63d,0x0,0x40047,0x63e,0x21,0x1,
0x40047,0x63e,0x22,0x0,0x30047,0x642,0x0,0x30047,
0x646,0x0,0x30047,0x649,0x0,0x30047,0x64a,0x0,
0x30047,0x64b,0x0,0x30047,0x64c,0x0,0x30047,0x64d,
0x0,0x30047,0x64e,0x0,0x30047,0x64f,0x0,0x30047,
0x650,0x0,0x30047,0x652,0x0,0x30047,0x653,0x0,
0x30047,0x654,0x0,0x30047,0x656,0x0,0x30047,0x65b,
0x0,0x30047,0x65c,0x0,0x30047,0x65d,0x0,0x30047,
0x65e,0x0,0x30047,0x65f,0x0,0x30047,0x660,0x0,
0x30047,0x662,0x0,0x30047,0x663,0x0,0x30047,0x664,
0x0,0x30047,0x665,0x0,0x30047,0x667,0x0,0x30047,
0x668,0x0,0x30047,0x669,0x0,0x30047,0x66a,0x0,
0x30047,0x66b,0x0,0x30047,0x66c,0x0,0x30047,0x672,
0x0,0x30047,0x673,0x0,0x30047,0x674,0x0,0x30047,
0x675,0x0,0x30047,0x676,0x0,0x30047,0x679,0x0,
0x30047,0x67a,0x0,0x30047,0x67b,0x0,0x30047,0x67c,
0x0,0x30047,0x67d,0x0,0x30047,0x67e,0x0,0x30047,
0x681,0x0,0x30047,0x682,0x0,0x30047,0x6b2,0x0,
0x30047,0x6d1,0x0,0x30047,0x6d2,0x0,0x30047,0x6dd,
0x0,0x30047,0x6de,0x0,0x30047,0x6e9,0x0,0x30047,
0x6ea,0x0,0x30047,0x6f5,0x0,0x30047,0x6f6,0x0,
0x30047,0x701,0x0,0x30047,0x702,0x0,0x30047,0x704,
0x0,0x30047,0x705,0x0,0x30047,0x70b,0x0,0x30047,
0x70c,0x0,0x30047,0x70d,0x0,0x20013,0x2,0x30021,
0x3,0x2,0x30016,0x6,0x20,0x40017,0x7,0x6,
0x2,0x40020,0x8,0x7,0x7,0x40021,0x9,0x7,
0x8,0x40017,0x10,0x6,0x4,0x40021,0x11,0x10,
0x8,0x40015,0x15,0x20,0x1,0x40017,0x16,0x15,
0x2,0x40020,0x17,0x7,0x16,0x40021,0x18,0x10,
0x17,0x40020,0x1f,0x7,0x6,0x40021,0x20,0x6,
0x1f,0x40017,0x24,0x6,0x3,0x40020,0x25,0x7,
0x24,0x70021,0x26,0x7,0x1f,0x1f,0x1f,0x25,
0x40020,0x2d,0x7,0x10,0x50021,0x2e,0x7,0x2d,
0x2d,0x60021,0x38,0x10,0x8,0x8,0x8,0x40021,
0x3e,0x6,0x25,0x60021,0x42,0x10,0x8,0x2d,
0x2d,0x40021,0x4b,0x24,0x25,0x4002b,0x6,0x4f,
0x3f000000,0xa001e,0x53,0x10,0x10,0x10,0x10,0x10,
0x10,0x10,0x10,0x40020,0x54,0x9,0x53,0x4003b,
0x54,0x55,0x9,0x4002b,0x15,0x56,0x7,0x40020,
0x57,0x9,0x10,0x4002b,0x6,0x5c,0x0,0x5002c,
0x7,0x5d,0x5c,0x5c,0x4002b,0x6,0x5e,0x3f800000,
0x4002b,0x6,0x5f,0x40000000,0x90019,0x7b,0x6,0x1,
0x0,0x0,0x0,0x1,0x0,0x3001b,0x7c,0x7b,
0x40020,0x7d,0x0,0x7c,0x4003b,0x7d,0x7e,0x0,
0x20014,0x80,0x30031,0x80,0x81,0x4002b,0x15,0x96,
0x1,0x4002b,0x15,0xa0,0x0,0x50034,0x80,0xa7,
0xa8,0x81,0x40017,0xba,0x80,0x2,0x5002c,0x16,
0xdb,0xa0,0x96,0x4002b,0x15,0xdd,0x2,0x40017,
0xe0,0x15,0x4,0x40015,0xea,0x20,0x0,0x4002b,
0xea,0xeb,0x1,0x5002c,0x16,0xee,0x96,0x96,
0x5002c,0x16,0xfd,0x96,0xa0,0x4002b,0x6,0x11d,
0x40800000,0x4002b,0xea,0x12e,0x0,0x4002b,0x6,0x14f,
0x3f333333,0x4002b,0x6,0x151,0xbf800000,0x4002b,0xea,0x163,
0x2,0x4002b,0xea,0x169,0x3,0x4002b,0x6,0x180,
0x38010182,0x30031,0x80,0x197,0x7002c,0x10,0x1a2,0x5c,
0x5c,0x5e,0x5e,0x40017,0x1a3,0x80,0x4,0x40020,
0x207,0x7,0x15,0x4002b,0x6,0x20a,0x3c808081,0x4002b,
0x15,0x20c,0x3,0x40020,0x20d,0x9,0x6,0x40020,
0x212,0x6,0x7,0x4003b,0x212,0x213,0x6,0x40020,
0x22d,0x6,0x10,0x4003b,0x22d,0x22e,0x6,0x4002b,
0x6,0x256,0x3e4f5c29,0x4002b,0x6,0x257,0x3e62339c,0x4002b,
0x15,0x260,0x4,0x4002b,0x6,0x26d,0xbf000000,0x5002c,
0x7,0x26e,0x26d,0x4f,0x4002b,0x6,0x2e0,0x3e800000,
0x4002b,0x6,0x325,0x41224505,0x4002b,0x6,0x327,0x38d1b717,
0x4002b,0x6,0x417,0xbdb8b8b9,0x4002b,0x6,0x418,0x3db8b8b9,
0x40020,0x430,0x3,0x10,0x4003b,0x430,0x431,0x3,
0x4002b,0x6,0x44e,0x3e991687,0x4002b,0x6,0x44f,0x3f1645a2,
0x4002b,0x6,0x450,0x3de978d5,0x6002c,0x24,0x451,0x44e,
0x44f,0x450,0x5002c,0x7,0x49e,0x151,0x151,0x5002c,
0x7,0x4ad,0x5e,0x151,0x5002c,0x7,0x4bc,0x151,
0x5e,0x5002c,0x7,0x4cb,0x5e,0x5e,0x4002b,0x6,
0x4f6,0x3d23d70a,0x4002b,0x6,0x4f8,0x3e29fbe7,0x4002b,0x6,
0x518,0x3d000000,0x4002b,0x6,0x51a,0x3c000000,0x4002b,0x6,
0x529,0xc0000000,0x5002c,0x7,0x52a,0x529,0x529,0x5002c,
0x7,0x52b,0x5f,0x5f,0x4002b,0x6,0x52f,0x40400000,
0x4002b,0x6,0x54d,0x3da3d70a,0x4002b,0x6,0x54f,0x3ea9fbe7,
0x30030,0x80,0x592,0x4002b,0x15,0x595,0x5,0x6002c,
0x24,0x5bb,0x5c,0x5c,0x5c,0x40020,0x5bc,0x7,
0x80,0x3002a,0x80,0x5be,0x4002b,0x15,0x5bf,0x6,
0x6002c,0x24,0x5db,0x5e,0x5c,0x5c,0x6002c,0x24,
0x5dc,0x5c,0x5c,0x5e,0x30029,0x80,0x5e0,0x4002b,
0x6,0x5f1,0x3eb33333,0x4002b,0x6,0x5fe,0x414eb852,0x4002b,
0x6,0x602,0x3d6147ae,0x4002b,0x6,0x605,0x3f870a3d,0x4002b,
0x6,0x608,0x4019999a,0x6002c,0x24,0x609,0x608,0x608,
0x608,0x4002b,0x6,0x60c,0x3d25aee6,0x6002c,0x24,0x60d,
0x60c,0x60c,0x60c,0x40017,0x60e,0x80,0x3,0x40020,
0x619,0x1,0x7,0x4003b,0x619,0x61a,0x1,0x7002c,
0x10,0x63b,0x5c,0x5c,0x5c,0x5e,0x4003b,0x7d,
0x63e,0x0,0x4002b,0x6,0x677,0x3ed55555,0x6002c,0x24,
0x678,0x677,0x677,0x677,0x4002b,0x6,0x67f,0x3b4d2e1c,
0x6002c,0x24,0x680,0x67f,0x67f,0x67f,0x4002b,0x6,
0x6b5,0x3fc00000,0x4002b,0x6,0x6cf,0x3ccccccd,0x4002b,0x6,
0x703,0x41000000,0x50036,0x2,0x4,0x0,0x3,0x200f8,
0x5,0x4003b,0x8,0x618,0x7,0x4003b,0x5bc,0x624,
0x7,0x4003b,0x2d,0x62e,0x7,0x4003b,0x2d,0x634,
0x7,0x4003b,0x2d,0x63d,0x7,0x4003b,0x2d,0x642,
0x7,0x4003b,0x2d,0x646,0x7,0x4003b,0x25,0x649,
0x7,0x4003b,0x25,0x64d,0x7,0x4003b,0x1f,0x656,
0x7,0x4003b,0x25,0x662,0x7,0x4003b,0x8,0x68a,
0x7,0x4003b,0x8,0x68e,0x7,0x4003b,0x8,0x69d,
0x7,0x4003b,0x8,0x6a9,0x7,0x4003b,0x8,0x6b0,
0x7,0x4003b,0x1f,0x6c6,0x7,0x4003b,0x8,0x6dc,
0x7,0x4003b,0x8,0x6e8,0x7,0x4003b,0x8,0x6f4,
0x7,0x4003b,0x8,0x700,0x7,0x60041,0x20d,0x613,
0x55,0x260,0x163,0x4003d,0x6,0x614,0x613,0x500ba,
0x80,0x615,0x614,0x5c,0x300f7,0x617,0x0,0x400fa,
0x615,0x616,0x689,0x200f8,0x616,0x4003d,0x7,0x61b,
0x61a,0x50050,0x7,0x61c,0x4f,0x4f,0x50083,0x7,
0x61d,0x61b,0x61c,0x50041,0x57,0x61e,0x55,0x595,
0x4003d,0x10,0x61f,0x61e,0x7004f,0x7,0x620,0x61f,
0x61f,0x0,0x1,0x50088,0x7,0x621,0x61d,0x620,
0x50050,0x7,0x622,0x4f,0x4f,0x50081,0x7,0x623,
0x621,0x622,0x3003e,0x618,0x623,0x4003d,0x7,0x625,
0x618,0x500be,0xba,0x626,0x625,0x5d,0x4009b,0x80,
0x627,0x626,0x300f7,0x629,0x0,0x400fa,0x627,0x628,
0x629,0x200f8,0x628,0x4003d,0x7,0x62a,0x618,0x500bc,
0xba,0x62b,0x62a,0x4cb,0x4009b,0x80,0x62c,0x62b,
0x200f9,0x629,0x200f8,0x629,0x700f5,0x80,0x62d,0x627,
0x616,0x62c,0x628,0x3003e,0x624,0x62d,0x60041,0x20d,
0x62f,0x55,0x260,0x169,0x4003d,0x6,0x630,0x62f,
0x500ba,0x80,0x631,0x630,0x5c,0x4003d,0x80,0x632,
0x624,0x500a7,0x80,0x633,0x631,0x632,0x300f7,0x636,
0x0,0x400fa,0x633,0x635,0x63a,0x200f8,0x635,0x4003d,
0x7c,0x637,0x7e,0x4003d,0x7,0x638,0x618,0x70058,
0x10,0x639,0x637,0x638,0x2,0x5c,0x3003e,0x634,
0x639,0x200f9,0x636,0x200f8,0x63a,0x3003e,0x634,0x63b,
0x200f9,0x636,0x200f8,0x636,0x4003d,0x10,0x63c,0x634,
0x3003e,0x62e,0x63c,0x4003d,0x7c,0x63f,0x63e,0x4003d,
0x7,0x640,0x61a,0x70058,0x10,0x641,0x63f,0x640,
0x2,0x5c,0x3003e,0x63d,0x641,0x60041,0x20d,0x643,
0x55,0x260,0x169,0x4003d,0x6,0x644,0x643,0x500ba,
0x80,0x645,0x644,0x5c,0x300f7,0x648,0x0,0x400fa,
0x645,0x647,0x661,0x200f8,0x647,0x4003d,0x10,0x64a,
0x62e,0x8004f,0x24,0x64b,0x64a,0x64a,0x0,0x1,
0x2,0x3003e,0x649,0x64b,0x50039,0x24,0x64c,0x4d,
0x649,0x4003d,0x10,0x64e,0x63d,0x8004f,0x24,0x64f,
0x64e,0x64e,0x0,0x1,0x2,0x3003e,0x64d,0x64f,
0x50039,0x24,0x650,0x4d,0x64d,0x50041,0x1f,0x651,
0x63d,0x169,0x4003d,0x6,0x652,0x651,0x60050,0x24,
0x653,0x652,0x652,0x652,0x8000c,0x24,0x654,0x1,
0x2e,0x64c,0x650,0x653,0x4003d,0x80,0x655,0x624,
0x300f7,0x658,0x0,0x400fa,0x655,0x657,0x659,0x200f8,
0x657,0x3003e,0x656,0x5e,0x200f9,0x658,0x200f8,0x659,
0x50041,0x1f,0x65a,0x63d,0x169,0x4003d,0x6,0x65b,
0x65a,0x3003e,0x656,0x65b,0x200f9,0x658,0x200f8,0x658,
0x4003d,0x6,0x65c,0x656,0x50051,0x6,0x65d,0x654,
0x0,0x50051,0x6,0x65e,0x654,0x1,0x50051,0x6,
0x65f,0x654,0x2,0x70050,0x10,0x660,0x65d,0x65e,
0x65f,0x65c,0x3003e,0x646,0x660,0x200f9,0x648,0x200f8,
0x661,0x4003d,0x10,0x663,0x63d,0x8004f,0x24,0x664,
0x663,0x663,0x0,0x1,0x2,0x3003e,0x662,0x664,
0x50039,0x24,0x665,0x4d,0x662,0x50041,0x1f,0x666,
0x63d,0x169,0x4003d,0x6,0x667,0x666,0x50051,0x6,
0x668,0x665,0x0,0x50051,0x6,0x669,0x665,0x1,
0x50051,0x6,0x66a,0x665,0x2,0x70050,0x10,0x66b,
0x668,0x669,0x66a,0x667,0x3003e,0x646,0x66b,0x200f9,
0x648,0x200f8,0x648,0x4003d,0x10,0x66c,0x646,0x3003e,
0x642,0x66c,0x60041,0x20d,0x66d,0x55,0x20c,0x169,
0x4003d,0x6,0x66e,0x66d,0x500b4,0x80,0x66f,0x66e,
0x5c,0x300f7,0x671,0x0,0x400fa,0x66f,0x670,0x671,
0x200f8,0x670,0x4003d,0x10,0x672,0x642,0x8004f,0x24,
0x673,0x672,0x672,0x0,0x1,0x2,0x5008e,0x24,
0x674,0x673,0x5fe,0x4003d,0x10,0x675,0x642,0x8004f,
0x24,0x676,0x675,0x675,0x0,0x1,0x2,0x7000c,
0x24,0x679,0x1,0x1a,0x676,0x678,0x5008e,0x24,
0x67a,0x679,0x605,0x60050,0x24,0x67b,0x602,0x602,
0x602,0x50083,0x24,0x67c,0x67a,0x67b,0x4003d,0x10,
0x67d,0x642,0x8004f,0x24,0x67e,0x67d,0x67d,0x0,
0x1,0x2,0x500ba,0x60e,0x681,0x67e,0x680,0x600a9,
0x24,0x682,0x681,0x67c,0x674,0x50041,0x1f,0x683,
0x642,0x12e,0x50051,0x6,0x684,0x682,0x0,0x3003e,
0x683,0x684,0x50041,0x1f,0x685,0x642,0xeb,0x50051,
0x6,0x686,0x682,0x1,0x3003e,0x685,0x686,0x50041,
0x1f,0x687,0x642,0x163,0x50051,0x6,0x688,0x682,
0x2,0x3003e,0x687,0x688,0x200f9,0x671,0x200f8,0x671,
0x200f9,0x617,0x200f8,0x689,0x60041,0x20d,0x68b,0x55,
0x20c,0x163,0x4003d,0x6,0x68c,0x68b,0x500ba,0x80,
0x68d,0x68c,0x5c,0x300f7,0x690,0x0,0x400fa,0x68d,
0x68f,0x69a,0x200f8,0x68f,0x4003d,0x7,0x691,0x61a,
0x50050,0x7,0x692,0x4f,0x4f,0x50083,0x7,0x693,
0x691,0x692,0x60041,0x20d,0x694,0x55,0x20c,0xeb,
0x4003d,0x6,0x695,0x694,0x50050,0x7,0x696,0x695,
0x695,0x50088,0x7,0x697,0x693,0x696,0x50050,0x7,
0x698,0x4f,0x4f,0x50081,0x7,0x699,0x697,0x698,
0x3003e,0x68e,0x699,0x200f9,0x690,0x200f8,0x69a,0x4003d,
0x7,0x69b,0x61a,0x3003e,0x68e,0x69b,0x200f9,0x690,
0x200f8,0x690,0x4003d,0x7,0x69c,0x68e,0x3003e,0x68a,
0x69c,0x50041,0x57,0x69e,0x55,0xdd,0x4003d,0x10,
0x69f,0x69e,0x7004f,0x7,0x6a0,0x69f,0x69f,0x2,
0x3,0x50041,0x57,0x6a1,0x55,0xdd,0x4003d,0x10,
0x6a2,0x6a1,0x7004f,0x7,0x6a3,0x6a2,0x6a2,0x0,
0x1,0x50083,0x7,0x6a4,0x6a0,0x6a3,0x50050,0x7,
0x6a5,0x5e,0x5e,0x50081,0x7,0x6a6,0x6a4,0x6a5,
0x50050,0x7,0x6a7,0x4f,0x4f,0x50088,0x7,0x6a8,
0x6a7,0x6a6,0x3003e,0x69d,0x6a8,0x4003d,0x7,0x6aa,
0x68a,0x4003d,0x7,0x6ab,0x69d,0x4003d,0x7,0x6ac,
0x69d,0x50050,0x7,0x6ad,0x5e,0x5e,0x50083,0x7,
0x6ae,0x6ad,0x6ac,0x8000c,0x7,0x6af,0x1,0x2b,
0x6aa,0x6ab,0x6ae,0x3003e,0x6a9,0x6af,0x4003d,0x7,
0x6b1,0x6a9,0x3003e,0x6b0,0x6b1,0x50039,0x10,0x6b2,
0x49,0x6b0,0x3003e,0x642,0x6b2,0x60041,0x20d,0x6b3,
0x55,0x20c,0x163,0x4003d,0x6,0x6b4,0x6b3,0x500ba,
0x80,0x6b6,0x6b4,0x6b5,0x300f7,0x6b8,0x0,0x400fa,
0x6b6,0x6b7,0x6b8,0x200f8,0x6b7,0x4003d,0x7,0x6b9,
0x68a,0x500b8,0xba,0x6ba,0x6b9,0x5d,0x4009a,0x80,
0x6bb,0x6ba,0x400a8,0x80,0x6bc,0x6bb,0x300f7,0x6be,
0x0,0x400fa,0x6bc,0x6bd,0x6be,0x200f8,0x6bd,0x4003d,
0x7,0x6bf,0x68a,0x500ba,0xba,0x6c0,0x6bf,0x4cb,
0x4009a,0x80,0x6c1,0x6c0,0x200f9,0x6be,0x200f8,0x6be,
0x700f5,0x80,0x6c2,0x6bb,0x6b7,0x6c1,0x6bd,0x200f9,
0x6b8,0x200f8,0x6b8,0x700f5,0x80,0x6c3,0x6b6,0x690,
0x6c2,0x6be,0x300f7,0x6c5,0x0,0x400fa,0x6c3,0x6c4,
0x6c5,0x200f8,0x6c4,0x4003d,0x7,0x6c7,0x68a,0x4003d,
0x7,0x6c8,0x68a,0x50050,0x7,0x6c9,0x5c,0x5c,
0x50050,0x7,0x6ca,0x5e,0x5e,0x8000c,0x7,0x6cb,
0x1,0x2b,0x6c8,0x6c9,0x6ca,0x50083,0x7,0x6cc,
0x6c7,0x6cb,0x6000c,0x6,0x6cd,0x1,0x42,0x6cc,
0x50085,0x6,0x6ce,0x6cd,0x4f,0x7000c,0x6,0x6d0,
0x1,0x25,0x6ce,0x6cf,0x3003e,0x6c6,0x6d0,0x4003d,
0x10,0x6d1,0x642,0x5008e,0x10,0x6d2,0x6d1,0x11d,
0x4003d,0x7,0x6d3,0x6a9,0x4003d,0x6,0x6d4,0x6c6,
0x50050,0x7,0x6d5,0x6d4,0x5c,0x50081,0x7,0x6d6,
0x6d3,0x6d5,0x4003d,0x7,0x6d7,0x69d,0x4003d,0x7,
0x6d8,0x69d,0x50050,0x7,0x6d9,0x5e,0x5e,0x50083,
0x7,0x6da,0x6d9,0x6d8,0x8000c,0x7,0x6db,0x1,
0x2b,0x6d6,0x6d7,0x6da,0x3003e,0x6dc,0x6db,0x50039,
0x10,0x6dd,0x49,0x6dc,0x50081,0x10,0x6de,0x6d2,
0x6dd,0x4003d,0x7,0x6df,0x6a9,0x4003d,0x6,0x6e0,
0x6c6,0x50050,0x7,0x6e1,0x6e0,0x5c,0x50083,0x7,
0x6e2,0x6df,0x6e1,0x4003d,0x7,0x6e3,0x69d,0x4003d,
0x7,0x6e4,0x69d,0x50050,0x7,0x6e5,0x5e,0x5e,
0x50083,0x7,0x6e6,0x6e5,0x6e4,0x8000c,0x7,0x6e7,
0x1,0x2b,0x6e2,0x6e3,0x6e6,0x3003e,0x6e8,0x6e7,
0x50039,0x10,0x6e9,0x49,0x6e8,0x50081,0x10,0x6ea,
0x6de,0x6e9,0x4003d,0x7,0x6eb,0x6a9,0x4003d,0x6,
0x6ec,0x6c6,0x50050,0x7,0x6ed,0x5c,0x6ec,0x50081,
0x7,0x6ee,0x6eb,0x6ed,0x4003d,0x7,0x6ef,0x69d,
0x4003d,0x7,0x6f0,0x69d,0x50050,0x7,0x6f1,0x5e,
0x5e,0x50083,0x7,0x6f2,0x6f1,0x6f0,0x8000c,0x7,
0x6f3,0x1,0x2b,0x6ee,0x6ef,0x6f2,0x3003e,0x6f4,
0x6f3,0x50039,0x10,0x6f5,0x49,0x6f4,0x50081,0x10,
0x6f6,0x6ea,0x6f5,0x4003d,0x7,0x6f7,0x6a9,0x4003d,
0x6,0x6f8,0x6c6,0x50050,0x7,0x6f9,0x5c,0x6f8,
0x50083,0x7,0x6fa,0x6f7,0x6f9,0x4003d,0x7,0x6fb,
0x69d,0x4003d,0x7,0x6fc,0x69d,0x50050,0x7,0x6fd,
0x5e,0x5e,0x50083,0x7,0x6fe,0x6fd,0x6fc,0x8000c,
0x7,0x6ff,0x1,0x2b,0x6fa,0x6fb,0x6fe,0x3003e,
0x700,0x6ff,0x50039,0x10,0x701,0x49,0x700,0x50081,
0x10,0x702,0x6f6,0x701,0x70050,0x10,0x704,0x703,
0x703,0x703,0x703,0x50088,0x10,0x705,0x702,0x704,
0x3003e,0x642,0x705,0x200f9,0x6c5,0x200f8,0x6c5,0x60041,
0x20d,0x706,0x55,0x260,0xeb,0x4003d,0x6,0x707,
0x706,0x500ba,0x80,0x708,0x707,0x5c,0x300f7,0x70a,
0x0,0x400fa,0x708,0x709,0x70a,0x200f8,0x709,0x4003d,
0x10,0x70b,0x642,0x9004f,0x10,0x70c,0x70b,0x70b,
0x2,0x1,0x0,0x3,0x3003e,0x642,0x70c,0x200f9,
0x70a,0x200f8,0x70a,0x200f9,0x617,0x200f8,0x617,0x4003d,
0x10,0x70d,0x642,0x3003e,0x431,0x70d,0x100fd,0x10038,
0x50036,0x7,0xb,0x0,0x9,0x30037,0x8,0xa,
0x200f8,0xc,0x4003d,0x7,0x50,0xa,0x5008e,0x7,
0x51,0x50,0x4f,0x4003d,0x7,0x52,0xa,0x50041,
0x57,0x58,0x55,0x56,0x4003d,0x10,0x59,0x58,
0x7004f,0x7,0x5a,0x59,0x59,0x0,0x1,0x50083,
0x7,0x5b,0x52,0x5a,0x50041,0x57,0x60,0x55,
0x56,0x4003d,0x10,0x61,0x60,0x7004f,0x7,0x62,
0x61,0x61,0x0,0x1,0x5008e,0x7,0x63,0x62,
0x5f,0x50050,0x7,0x64,0x5e,0x5e,0x50083,0x7,
0x65,0x64,0x63,0x8000c,0x7,0x66,0x1,0x2b,
0x5b,0x5d,0x65,0x5008e,0x7,0x67,0x66,0x4f,
0x50081,0x7,0x68,0x51,0x67,0x50041,0x57,0x69,
0x55,0x56,0x4003d,0x10,0x6a,0x69,0x7004f,0x7,
0x6b,0x6a,0x6a,0x2,0x3,0x50085,0x7,0x6c,
0x68,0x6b,0x200fe,0x6c,0x10038,0x50036,0x7,0xe,
0x0,0x9,0x30037,0x8,0xd,0x200f8,0xf,0x4003d,
0x7,0x6f,0xd,0x50041,0x57,0x70,0x55,0x56,
0x4003d,0x10,0x71,0x70,0x7004f,0x7,0x72,0x71,
0x71,0x0,0x1,0x5008e,0x7,0x73,0x72,0x4f,
0x50083,0x7,0x74,0x6f,0x73,0x50041,0x57,0x75,
0x55,0x56,0x4003d,0x10,0x76,0x75,0x7004f,0x7,
0x77,0x76,0x76,0x2,0x3,0x50085,0x7,0x78,
0x74,0x77,0x200fe,0x78,0x10038,0x50036,0x10,0x13,
0x0,0x11,0x30037,0x8,0x12,0x200f8,0x14,0x4003b,
0x8,0x82,0x7,0x4003b,0x8,0x85,0x7,0x4003b,
0x2d,0x8c,0x7,0x4003d,0x7c,0x7f,0x7e,0x300f7,
0x84,0x0,0x400fa,0x81,0x83,0x88,0x200f8,0x83,
0x4003d,0x7,0x86,0x12,0x3003e,0x85,0x86,0x50039,
0x7,0x87,0xb,0x85,0x3003e,0x82,0x87,0x200f9,
0x84,0x200f8,0x88,0x4003d,0x7,0x89,0x12,0x3003e,
0x82,0x89,0x200f9,0x84,0x200f8,0x84,0x4003d,0x7,
0x8a,0x82,0x70058,0x10,0x8b,0x7f,0x8a,0x2,
0x5c,0x3003e,0x8c,0x8b,0x4003d,0x10,0x8d,0x8c,
0x200fe,0x8d,0x10038,0x50036,0x10,0x1a,0x0,0x18,
0x30037,0x17,0x19,0x200f8,0x1b,0x4003b,0x8,0x9b,
0x7,0x4003b,0x2d,0xa3,0x7,0x300f7,0x91,0x0,
0x400fa,0x81,0x90,0x91,0x200f8,0x90,0x4003d,0x16,
0x92,0x19,0x4006f,0x7,0x93,0x92,0x50050,0x7,
0x94,0x4f,0x4f,0x50081,0x7,0x95,0x93,0x94,
0x50041,0x57,0x97,0x55,0x96,0x4003d,0x10,0x98,
0x97,0x7004f,0x7,0x99,0x98,0x98,0x0,0x1,
0x50085,0x7,0x9a,0x95,0x99,0x3003e,0x9b,0x9a,
0x50039,0x10,0x9c,0x13,0x9b,0x200fe,0x9c,0x200f8,
0x91,0x4003d,0x7c,0x9e,0x7e,0x4003d,0x16,0x9f,
0x19,0x40064,0x7b,0xa1,0x9e,0x7005f,0x10,0xa2,
0xa1,0x9f,0x2,0xa0,0x3003e,0xa3,0xa2,0x4003d,
0x10,0xa4,0xa3,0x200fe,0xa4,0x10038,0x50036,0x10,
0x1d,0x0,0x11,0x30037,0x8,0x1c,0x200f8,0x1e,
0x4003b,0x2d,0xad,0x7,0x4003b,0x8,0xb0,0x7,
0x4003b,0x8,0xc9,0x7,0x4003b,0x2d,0xcd,0x7,
0x4003b,0x17,0xd0,0x7,0x4003b,0x17,0xe8,0x7,
0x4003b,0x17,0xf9,0x7,0x4003b,0x17,0x108,0x7,
0x4003b,0x17,0x115,0x7,0x300f7,0xa9,0x0,0x400fa,
0xa7,0xa8,0xa9,0x200f8,0xa8,0x4003d,0x7c,0xaa,
0x7e,0x4003d,0x7,0xab,0x1c,0x60060,0x10,0xac,
0xaa,0xab,0x96,0x3003e,0xad,0xac,0x4003d,0x10,
0xae,0xad,0x200fe,0xae,0x200f8,0xa9,0x50041,0x57,
0xb1,0x55,0x56,0x4003d,0x10,0xb2,0xb1,0x7004f,
0x7,0xb3,0xb2,0xb2,0x0,0x1,0x50041,0x57,
0xb4,0x55,0x96,0x4003d,0x10,0xb5,0xb4,0x7004f,
0x7,0xb6,0xb5,0xb5,0x0,0x1,0x50081,0x7,
0xb7,0xb3,0xb6,0x3003e,0xb0,0xb7,0x4003d,0x7,
0xb8,0x1c,0x4003d,0x7,0xb9,0xb0,0x500ba,0xba,
0xbb,0xb8,0xb9,0x4009b,0x80,0xbc,0xbb,0x300f7,
0xbe,0x0,0x400fa,0xbc,0xbd,0xbe,0x200f8,0xbd,
0x4003d,0x7,0xbf,0x1c,0x4003d,0x7,0xc0,0xb0,
0x50050,0x7,0xc1,0x5e,0x5e,0x50083,0x7,0xc2,
0xc1,0xc0,0x500b8,0xba,0xc3,0xbf,0xc2,0x4009b,
0x80,0xc4,0xc3,0x200f9,0xbe,0x200f8,0xbe,0x700f5,
0x80,0xc5,0xbc,0xa9,0xc4,0xbd,0x300f7,0xc7,
0x0,0x400fa,0xc5,0xc6,0xc7,0x200f8,0xc6,0x4003d,
0x7c,0xc8,0x7e,0x4003d,0x7,0xca,0x1c,0x3003e,
0xc9,0xca,0x50039,0x7,0xcb,0xb,0xc9,0x60060,
0x10,0xcc,0xc8,0xcb,0x96,0x3003e,0xcd,0xcc,
0x4003d,0x10,0xce,0xcd,0x200fe,0xce,0x200f8,0xc7,
0x4003d,0x7,0xd1,0x1c,0x50041,0x57,0xd2,0x55,
0x96,0x4003d,0x10,0xd3,0xd2,0x7004f,0x7,0xd4,
0xd3,0xd3,0x2,0x3,0x50085,0x7,0xd5,0xd1,
0xd4,0x50050,0x7,0xd6,0x4f,0x4f,0x50083,0x7,
0xd7,0xd5,0xd6,0x6000c,0x7,0xd8,0x1,0x8,
0xd7,0x4006e,0x16,0xd9,0xd8,0x3003e,0xd0,0xd9,
0x4003d,0x16,0xda,0xd0,0x50080,0x16,0xdc,0xda,
0xdb,0x50041,0x57,0xde,0x55,0xdd,0x4003d,0x10,
0xdf,0xde,0x4006e,0xe0,0xe1,0xdf,0x7004f,0x16,
0xe2,0xe1,0xe1,0x0,0x1,0x50041,0x57,0xe3,
0x55,0xdd,0x4003d,0x10,0xe4,0xe3,0x4006e,0xe0,
0xe5,0xe4,0x7004f,0x16,0xe6,0xe5,0xe5,0x2,
0x3,0x8000c,0x16,0xe7,0x1,0x2d,0xdc,0xe2,
0xe6,0x3003e,0xe8,0xe7,0x50039,0x10,0xe9,0x1a,
0xe8,0x50051,0x6,0xec,0xe9,0x1,0x4003d,0x16,
0xed,0xd0,0x50080,0x16,0xef,0xed,0xee,0x50041,
0x57,0xf0,0x55,0xdd,0x4003d,0x10,0xf1,0xf0,
0x4006e,0xe0,0xf2,0xf1,0x7004f,0x16,0xf3,0xf2,
0xf2,0x0,0x1,0x50041,0x57,0xf4,0x55,0xdd,
0x4003d,0x10,0xf5,0xf4,0x4006e,0xe0,0xf6,0xf5,
0x7004f,0x16,0xf7,0xf6,0xf6,0x2,0x3,0x8000c,
0x16,0xf8,0x1,0x2d,0xef,0xf3,0xf7,0x3003e,
0xf9,0xf8,0x50039,0x10,0xfa,0x1a,0xf9,0x50051,
0x6,0xfb,0xfa,0x1,0x4003d,0x16,0xfc,0xd0,
0x50080,0x16,0xfe,0xfc,0xfd,0x50041,0x57,0xff,
0x55,0xdd,0x4003d,0x10,0x100,0xff,0x4006e,0xe0,
0x101,0x100,0x7004f,0x16,0x102,0x101,0x101,0x0,
0x1,0x50041,0x57,0x103,0x55,0xdd,0x4003d,0x10,
0x104,0x103,0x4006e,0xe0,0x105,0x104,0x7004f,0x16,
0x106,0x105,0x105,0x2,0x3,0x8000c,0x16,0x107,
0x1,0x2d,0xfe,0x102,0x106,0x3003e,0x108,0x107,
0x50039,0x10,0x109,0x1a,0x108,0x50051,0x6,0x10a,
0x109,0x1,0x4003d,0x16,0x10b,0xd0,0x50041,0x57,
0x10c,0x55,0xdd,0x4003d,0x10,0x10d,0x10c,0x4006e,
0xe0,0x10e,0x10d,0x7004f,0x16,0x10f,0x10e,0x10e,
0x0,0x1,0x50041,0x57,0x110,0x55,0xdd,0x4003d,
0x10,0x111,0x110,0x4006e,0xe0,0x112,0x111,0x7004f,
0x16,0x113,0x112,0x112,0x2,0x3,0x8000c,0x16,
0x114,0x1,0x2d,0x10b,0x10f,0x113,0x3003e,0x115,
0x114,0x50039,0x10,0x116,0x1a,0x115,0x50051,0x6,
0x117,0x116,0x1,0x70050,0x10,0x118,0xec,0xfb,
0x10a,0x117,0x200fe,0x118,0x10038,0x50036,0x6,0x22,
0x0,0x20,0x30037,0x1f,0x21,0x200f8,0x23,0x4003b,
0x1f,0x11b,0x7,0x4003b,0x1f,0x11f,0x7,0x4003d,
0x6,0x11c,0x21,0x50083,0x6,0x11e,0x11c,0x11d,
0x3003e,0x11b,0x11e,0x4003d,0x6,0x120,0x21,0x4003d,
0x6,0x121,0x11b,0x50085,0x6,0x122,0x120,0x121,
0x4003d,0x6,0x123,0x11b,0x50083,0x6,0x124,0x122,
0x123,0x3003e,0x11f,0x124,0x4003d,0x6,0x125,0x11b,
0x4003d,0x6,0x126,0x11b,0x50085,0x6,0x127,0x126,
0x125,0x3003e,0x11b,0x127,0x4003d,0x6,0x128,0x11f,
0x4003d,0x6,0x129,0x11b,0x50085,0x6,0x12a,0x128,
0x129,0x200fe,0x12a,0x10038,0x50036,0x7,0x2b,0x0,
0x26,0x30037,0x1f,0x27,0x30037,0x1f,0x28,0x30037,
0x1f,0x29,0x30037,0x25,0x2a,0x200f8,0x2c,0x4003b,
0x1f,0x12d,0x7,0x4003b,0x8,0x131,0x7,0x4003b,
0x1f,0x134,0x7,0x4003b,0x1f,0x13e,0x7,0x4003b,
0x1f,0x155,0x7,0x4003b,0x1f,0x156,0x7,0x50041,
0x1f,0x12f,0x2a,0x12e,0x4003d,0x6,0x130,0x12f,
0x3003e,0x12d,0x130,0x4003d,0x24,0x132,0x2a,0x7004f,
0x7,0x133,0x132,0x132,0x1,0x2,0x3003e,0x131,
0x133,0x4003d,0x6,0x135,0x27,0x50041,0x1f,0x136,
0x131,0xeb,0x4003d,0x6,0x137,0x136,0x50085,0x6,
0x138,0x135,0x137,0x4003d,0x6,0x139,0x28,0x50041,
0x1f,0x13a,0x131,0x12e,0x4003d,0x6,0x13b,0x13a,
0x50085,0x6,0x13c,0x139,0x13b,0x50081,0x6,0x13d,
0x138,0x13c,0x3003e,0x134,0x13d,0x4003d,0x6,0x13f,
0x27,0x4003d,0x6,0x140,0x27,0x50085,0x6,0x141,
0x13f,0x140,0x4003d,0x6,0x142,0x28,0x4003d,0x6,
0x143,0x28,0x50085,0x6,0x144,0x142,0x143,0x50081,
0x6,0x145,0x141,0x144,0x4003d,0x6,0x146,0x134,
0x4003d,0x6,0x147,0x134,0x50085,0x6,0x148,0x146,
0x147,0x4003d,0x6,0x149,0x29,0x4003d,0x6,0x14a,
0x29,0x50085,0x6,0x14b,0x149,0x14a,0x4003d,0x6,
0x14c,0x12d,0x50085,0x6,0x14d,0x14b,0x14c,0x8000c,
0x6,0x14e,0x1,0x2b,0x14d,0x5c,0x5e,0x50085,
0x6,0x150,0x14e,0x14f,0x50081,0x6,0x152,0x150,
0x151,0x50085,0x6,0x153,0x148,0x152,0x50081,0x6,
0x154,0x145,0x153,0x3003e,0x13e,0x154,0x4003d,0x6,
0x157,0x13e,0x3003e,0x156,0x157,0x50039,0x6,0x158,
0x22,0x156,0x3003e,0x155,0x158,0x4003d,0x6,0x159,
0x155,0x4003d,0x6,0x15a,0x155,0x4003d,0x6,0x15b,
0x29,0x50085,0x6,0x15c,0x15a,0x15b,0x50050,0x7,
0x15d,0x159,0x15c,0x200fe,0x15d,0x10038,0x50036,0x7,
0x31,0x0,0x2e,0x30037,0x2d,0x2f,0x30037,0x2d,
0x30,0x200f8,0x32,0x4003b,0x1f,0x160,0x7,0x4003b,
0x1f,0x168,0x7,0x4003b,0x8,0x170,0x7,0x4003b,
0x1f,0x17a,0x7,0x4003b,0x8,0x189,0x7,0x50041,
0x1f,0x161,0x30,0x12e,0x4003d,0x6,0x162,0x161,
0x50041,0x1f,0x164,0x2f,0x163,0x4003d,0x6,0x165,
0x164,0x4007f,0x6,0x166,0x165,0x50081,0x6,0x167,
0x162,0x166,0x3003e,0x160,0x167,0x50041,0x1f,0x16a,
0x30,0x169,0x4003d,0x6,0x16b,0x16a,0x50041,0x1f,
0x16c,0x2f,0xeb,0x4003d,0x6,0x16d,0x16c,0x4007f,
0x6,0x16e,0x16d,0x50081,0x6,0x16f,0x16b,0x16e,
0x3003e,0x168,0x16f,0x4003d,0x6,0x171,0x160,0x4003d,
0x6,0x172,0x168,0x50081,0x6,0x173,0x171,0x172,
0x50041,0x1f,0x174,0x170,0x12e,0x3003e,0x174,0x173,
0x4003d,0x6,0x175,0x160,0x4003d,0x6,0x176,0x168,
0x4007f,0x6,0x177,0x176,0x50081,0x6,0x178,0x175,
0x177,0x50041,0x1f,0x179,0x170,0xeb,0x3003e,0x179,
0x178,0x50041,0x1f,0x17b,0x170,0x12e,0x4003d,0x6,
0x17c,0x17b,0x50041,0x1f,0x17d,0x170,0x12e,0x4003d,
0x6,0x17e,0x17d,0x50085,0x6,0x17f,0x17c,0x17e,
0x50081,0x6,0x181,0x17f,0x180,0x50041,0x1f,0x182,
0x170,0xeb,0x4003d,0x6,0x183,0x182,0x50041,0x1f,
0x184,0x170,0xeb,0x4003d,0x6,0x185,0x184,0x50085,
0x6,0x186,0x183,0x185,0x50081,0x6,0x187,0x181,
0x186,0x6000c,0x6,0x188,0x1,0x20,0x187,0x3003e,
0x17a,0x188,0x50041,0x1f,0x18a,0x170,0x12e,0x4003d,
0x6,0x18b,0x18a,0x4003d,0x6,0x18c,0x17a,0x50085,
0x6,0x18d,0x18b,0x18c,0x50041,0x1f,0x18e,0x189,
0x12e,0x3003e,0x18e,0x18d,0x50041,0x1f,0x18f,0x170,
0xeb,0x4003d,0x6,0x190,0x18f,0x4003d,0x6,0x191,
0x17a,0x50085,0x6,0x192,0x190,0x191,0x50041,0x1f,
0x193,0x189,0xeb,0x3003e,0x193,0x192,0x4003d,0x7,
0x194,0x189,0x200fe,0x194,0x10038,0x50036,0x10,0x34,
0x0,0x11,0x30037,0x8,0x33,0x200f8,0x35,0x4003b,
0x2d,0x19d,0x7,0x4003b,0x8,0x1a8,0x7,0x4003b,
0x17,0x1ac,0x7,0x4003b,0x8,0x1c9,0x7,0x4003b,
0x17,0x1d8,0x7,0x4003b,0x17,0x1e6,0x7,0x4003b,
0x17,0x1f4,0x7,0x4003b,0x17,0x201,0x7,0x300f7,
0x199,0x0,0x400fa,0x197,0x198,0x199,0x200f8,0x198,
0x4003d,0x7c,0x19a,0x7e,0x4003d,0x7,0x19b,0x33,
0x60060,0x10,0x19c,0x19a,0x19b,0x96,0x3003e,0x19d,
0x19c,0x4003d,0x10,0x19e,0x19d,0x200fe,0x19e,0x200f8,
0x199,0x50041,0x57,0x1a0,0x55,0xa0,0x4003d,0x10,
0x1a1,0x1a0,0x500b4,0x1a3,0x1a4,0x1a1,0x1a2,0x4009b,
0x80,0x1a5,0x1a4,0x300f7,0x1a7,0x0,0x400fa,0x1a5,
0x1a6,0x1a7,0x200f8,0x1a6,0x4003d,0x7,0x1a9,0x33,
0x3003e,0x1a8,0x1a9,0x50039,0x10,0x1aa,0x1d,0x1a8,
0x200fe,0x1aa,0x200f8,0x1a7,0x4003d,0x7,0x1ad,0x33,
0x50041,0x57,0x1ae,0x55,0x96,0x4003d,0x10,0x1af,
0x1ae,0x7004f,0x7,0x1b0,0x1af,0x1af,0x2,0x3,
0x50085,0x7,0x1b1,0x1ad,0x1b0,0x50050,0x7,0x1b2,
0x4f,0x4f,0x50083,0x7,0x1b3,0x1b1,0x1b2,0x6000c,
0x7,0x1b4,0x1,0x8,0x1b3,0x4006e,0x16,0x1b5,
0x1b4,0x3003e,0x1ac,0x1b5,0x4003d,0x16,0x1b6,0x1ac,
0x50041,0x57,0x1b7,0x55,0xdd,0x4003d,0x10,0x1b8,
0x1b7,0x4006e,0xe0,0x1b9,0x1b8,0x7004f,0x16,0x1ba,
0x1b9,0x1b9,0x0,0x1,0x500af,0xba,0x1bb,0x1b6,
0x1ba,0x4009b,0x80,0x1bc,0x1bb,0x300f7,0x1be,0x0,
0x400fa,0x1bc,0x1bd,0x1be,0x200f8,0x1bd,0x4003d,0x16,
0x1bf,0x1ac,0x50041,0x57,0x1c0,0x55,0xdd,0x4003d,
0x10,0x1c1,0x1c0,0x4006e,0xe0,0x1c2,0x1c1,0x7004f,
0x16,0x1c3,0x1c2,0x1c2,0x2,0x3,0x500b1,0xba,
0x1c4,0x1bf,0x1c3,0x4009b,0x80,0x1c5,0x1c4,0x200f9,
0x1be,0x200f8,0x1be,0x700f5,0x80,0x1c6,0x1bc,0x1a7,
0x1c5,0x1bd,0x300f7,0x1c8,0x0,0x400fa,0x1c6,0x1c7,
0x1c8,0x200f8,0x1c7,0x4003d,0x7,0x1ca,0x33,0x3003e,
0x1c9,0x1ca,0x50039,0x10,0x1cb,0x1d,0x1c9,0x200fe,
0x1cb,0x200f8,0x1c8,0x4003d,0x16,0x1cd,0x1ac,0x50080,
0x16,0x1ce,0x1cd,0xdb,0x50041,0x57,0x1cf,0x55,
0xdd,0x4003d,0x10,0x1d0,0x1cf,0x4006e,0xe0,0x1d1,
0x1d0,0x7004f,0x16,0x1d2,0x1d1,0x1d1,0x0,0x1,
0x50041,0x57,0x1d3,0x55,0xdd,0x4003d,0x10,0x1d4,
0x1d3,0x4006e,0xe0,0x1d5,0x1d4,0x7004f,0x16,0x1d6,
0x1d5,0x1d5,0x2,0x3,0x8000c,0x16,0x1d7,0x1,
0x2d,0x1ce,0x1d2,0x1d6,0x3003e,0x1d8,0x1d7,0x50039,
0x10,0x1d9,0x1a,0x1d8,0x50051,0x6,0x1da,0x1d9,
0x1,0x4003d,0x16,0x1db,0x1ac,0x50080,0x16,0x1dc,
0x1db,0xee,0x50041,0x57,0x1dd,0x55,0xdd,0x4003d,
0x10,0x1de,0x1dd,0x4006e,0xe0,0x1df,0x1de,0x7004f,
0x16,0x1e0,0x1df,0x1df,0x0,0x1,0x50041,0x57,
0x1e1,0x55,0xdd,0x4003d,0x10,0x1e2,0x1e1,0x4006e,
0xe0,0x1e3,0x1e2,0x7004f,0x16,0x1e4,0x1e3,0x1e3,
0x2,0x3,0x8000c,0x16,0x1e5,0x1,0x2d,0x1dc,
0x1e0,0x1e4,0x3003e,0x1e6,0x1e5,0x50039,0x10,0x1e7,
0x1a,0x1e6,0x50051,0x6,0x1e8,0x1e7,0x1,0x4003d,
0x16,0x1e9,0x1ac,0x50080,0x16,0x1ea,0x1e9,0xfd,
0x50041,0x57,0x1eb,0x55,0xdd,0x4003d,0x10,0x1ec,
0x1eb,0x4006e,0xe0,0x1ed,0x1ec,0x7004f,0x16,0x1ee,
0x1ed,0x1ed,0x0,0x1,0x50041,0x57,0x1ef,0x55,
0xdd,0x4003d,0x10,0x1f0,0x1ef,0x4006e,0xe0,0x1f1,
0x1f0,0x7004f,0x16,0x1f2,0x1f1,0x1f1,0x2,0x3,
0x8000c,0x16,0x1f3,0x1,0x2d,0x1ea,0x1ee,0x1f2,
0x3003e,0x1f4,0x1f3,0x50039,0x10,0x1f5,0x1a,0x1f4,
0x50051,0x6,0x1f6,0x1f5,0x1,0x4003d,0x16,0x1f7,
0x1ac,0x50041,0x57,0x1f8,0x55,0xdd,0x4003d,0x10,
0x1f9,0x1f8,0x4006e,0xe0,0x1fa,0x1f9,0x7004f,0x16,
0x1fb,0x1fa,0x1fa,0x0,0x1,0x50041,0x57,0x1fc,
0x55,0xdd,0x4003d,0x10,0x1fd,0x1fc,0x4006e,0xe0,
0x1fe,0x1fd,0x7004f,0x16,0x1ff,0x1fe,0x1fe,0x2,
0x3,0x8000c,0x16,0x200,0x1,0x2d,0x1f7,0x1fb,
0x1ff,0x3003e,0x201,0x200,0x50039,0x10,0x202,0x1a,
0x201,0x50051,0x6,0x203,0x202,0x1,0x70050,0x10,
0x204,0x1da,0x1e8,0x1f6,0x203,0x200fe,0x204,0x10038,
0x50036,0x2,0x36,0x0,0x3,0x200f8,0x37,0x4003b,
0x207,0x208,0x7,0x4003b,0x1f,0x209,0x7,0x4003b,
0x1f,0x20b,0x7,0x4003b,0x8,0x211,0x7,0x4003b,
0x2d,0x22c,0x7,0x4003b,0x2d,0x230,0x7,0x4003b,
0x8,0x232,0x7,0x4003b,0x8,0x23e,0x7,0x4003b,
0x8,0x24c,0x7,0x4003b,0x1f,0x251,0x7,0x4003b,
0x1f,0x255,0x7,0x4003b,0x8,0x267,0x7,0x4003b,
0x8,0x270,0x7,0x4003b,0x8,0x273,0x7,0x4003b,
0x8,0x279,0x7,0x4003b,0x8,0x27f,0x7,0x4003b,
0x8,0x287,0x7,0x4003b,0x2d,0x28c,0x7,0x4003b,
0x8,0x28d,0x7,0x4003b,0x1f,0x290,0x7,0x4003b,
0x2d,0x2b2,0x7,0x4003b,0x8,0x2b8,0x7,0x4003b,
0x2d,0x2ba,0x7,0x4003b,0x8,0x2c1,0x7,0x4003b,
0x8,0x2cd,0x7,0x4003b,0x1f,0x2d4,0x7,0x4003b,
0x1f,0x2f4,0x7,0x4003b,0x1f,0x324,0x7,0x4003b,
0x25,0x32a,0x7,0x4003b,0x2d,0x32e,0x7,0x4003b,
0x2d,0x330,0x7,0x4003b,0x8,0x336,0x7,0x4003b,
0x1f,0x33a,0x7,0x4003b,0x1f,0x33d,0x7,0x4003b,
0x1f,0x33e,0x7,0x4003b,0x25,0x341,0x7,0x4003b,
0x1f,0x34a,0x7,0x4003b,0x1f,0x34b,0x7,0x4003b,
0x1f,0x34c,0x7,0x4003b,0x25,0x34f,0x7,0x4003b,
0x1f,0x35a,0x7,0x4003b,0x1f,0x35b,0x7,0x4003b,
0x1f,0x35c,0x7,0x4003b,0x25,0x35f,0x7,0x4003b,
0x1f,0x367,0x7,0x4003b,0x1f,0x36a,0x7,0x4003b,
0x1f,0x36b,0x7,0x4003b,0x25,0x36e,0x7,0x4003b,
0x1f,0x379,0x7,0x4003b,0x1f,0x37a,0x7,0x4003b,
0x1f,0x37b,0x7,0x4003b,0x25,0x37e,0x7,0x4003b,
0x1f,0x386,0x7,0x4003b,0x1f,0x389,0x7,0x4003b,
0x1f,0x38a,0x7,0x4003b,0x25,0x38d,0x7,0x4003b,
0x1f,0x392,0x7,0x4003b,0x1f,0x395,0x7,0x4003b,
0x1f,0x398,0x7,0x4003b,0x25,0x39b,0x7,0x4003b,
0x1f,0x3a3,0x7,0x4003b,0x1f,0x3a4,0x7,0x4003b,
0x1f,0x3a7,0x7,0x4003b,0x25,0x3aa,0x7,0x4003b,
0x1f,0x3b5,0x7,0x4003b,0x1f,0x3b6,0x7,0x4003b,
0x1f,0x3b7,0x7,0x4003b,0x25,0x3ba,0x7,0x4003b,
0x1f,0x3c5,0x7,0x4003b,0x1f,0x3c6,0x7,0x4003b,
0x1f,0x3c7,0x7,0x4003b,0x25,0x3ca,0x7,0x4003b,
0x1f,0x3d2,0x7,0x4003b,0x1f,0x3d3,0x7,0x4003b,
0x1f,0x3d6,0x7,0x4003b,0x25,0x3d9,0x7,0x4003b,
0x1f,0x3e1,0x7,0x4003b,0x1f,0x3e2,0x7,0x4003b,
0x1f,0x3e5,0x7,0x4003b,0x25,0x3e8,0x7,0x4003b,
0x1f,0x3ed,0x7,0x4003b,0x1f,0x3f3,0x7,0x4003b,
0x1f,0x3ff,0x7,0x4003b,0x1f,0x411,0x7,0x3003e,
0x208,0x96,0x3003e,0x209,0x20a,0x60041,0x20d,0x20e,
0x55,0x20c,0x12e,0x4003d,0x6,0x20f,0x20e,0x7000c,
0x6,0x210,0x1,0x28,0x20f,0x5e,0x3003e,0x20b,
0x210,0x4003d,0x7,0x214,0x213,0x50041,0x57,0x215,
0x55,0xdd,0x4003d,0x10,0x216,0x215,0x4006e,0xe0,
0x217,0x216,0x7004f,0x16,0x218,0x217,0x217,0x0,
0x1,0x4006f,0x7,0x219,0x218,0x50050,0x7,0x21a,
0x4f,0x4f,0x50081,0x7,0x21b,0x219,0x21a,0x50041,
0x57,0x21c,0x55,0x96,0x4003d,0x10,0x21d,0x21c,
0x7004f,0x7,0x21e,0x21d,0x21d,0x0,0x1,0x50085,
0x7,0x21f,0x21b,0x21e,0x50041,0x57,0x220,0x55,
0xdd,0x4003d,0x10,0x221,0x220,0x4006e,0xe0,0x222,
0x221,0x7004f,0x16,0x223,0x222,0x222,0x2,0x3,
0x4006f,0x7,0x224,0x223,0x50050,0x7,0x225,0x4f,
0x4f,0x50081,0x7,0x226,0x224,0x225,0x50041,0x57,
0x227,0x55,0x96,0x4003d,0x10,0x228,0x227,0x7004f,
0x7,0x229,0x228,0x228,0x0,0x1,0x50085,0x7,
0x22a,0x226,0x229,0x8000c,0x7,0x22b,0x1,0x2b,
0x214,0x21f,0x22a,0x3003e,0x211,0x22b,0x4003d,0x10,
0x22f,0x22e,0x3003e,0x22c,0x22f,0x4003d,0x10,0x231,
0x22c,0x3003e,0x230,0x231,0x50041,0x57,0x233,0x55,
0xdd,0x4003d,0x10,0x234,0x233,0x4006e,0xe0,0x235,
0x234,0x7004f,0x16,0x236,0x235,0x235,0x2,0x3,
0x50041,0x57,0x237,0x55,0xdd,0x4003d,0x10,0x238,
0x237,0x4006e,0xe0,0x239,0x238,0x7004f,0x16,0x23a,
0x239,0x239,0x0,0x1,0x50082,0x16,0x23b,0x236,
0x23a,0x50080,0x16,0x23c,0x23b,0xee,0x4006f,0x7,
0x23d,0x23c,0x3003e,0x232,0x23d,0x4003d,0x7,0x23f,
0x213,0x50041,0x57,0x240,0x55,0x96,0x4003d,0x10,
0x241,0x240,0x7004f,0x7,0x242,0x241,0x241,0x2,
0x3,0x50085,0x7,0x243,0x23f,0x242,0x50041,0x57,
0x244,0x55,0xdd,0x4003d,0x10,0x245,0x244,0x4006e,
0xe0,0x246,0x245,0x7004f,0x16,0x247,0x246,0x246,
0x0,0x1,0x4006f,0x7,0x248,0x247,0x50083,0x7,
0x249,0x243,0x248,0x4003d,0x7,0x24a,0x232,0x50088,
0x7,0x24b,0x249,0x24a,0x3003e,0x23e,0x24b,0x4003d,
0x7,0x24d,0x23e,0x5008e,0x7,0x24e,0x24d,0x5f,
0x50050,0x7,0x24f,0x5e,0x5e,0x50083,0x7,0x250,
0x24e,0x24f,0x3003e,0x24c,0x250,0x4003d,0x7,0x252,
0x24c,0x4003d,0x7,0x253,0x24c,0x50094,0x6,0x254,
0x252,0x253,0x3003e,0x251,0x254,0x4003d,0x6,0x258,
0x251,0x8000c,0x6,0x259,0x1,0x31,0x256,0x257,
0x258,0x50083,0x6,0x25a,0x5e,0x259,0x60041,0x20d,
0x25b,0x55,0x20c,0x12e,0x4003d,0x6,0x25c,0x25b,
0x7000c,0x6,0x25d,0x1,0x25,0x25c,0x5e,0x50085,
0x6,0x25e,0x25a,0x25d,0x3003e,0x255,0x25e,0x4003d,
0x15,0x25f,0x208,0x500ab,0x80,0x261,0x25f,0x260,
0x4003d,0x6,0x262,0x251,0x500b8,0x80,0x263,0x262,
0x257,0x500a7,0x80,0x264,0x261,0x263,0x300f7,0x266,
0x0,0x400fa,0x264,0x265,0x266,0x200f8,0x265,0x4003d,
0x7,0x268,0x213,0x50041,0x57,0x269,0x55,0x96,
0x4003d,0x10,0x26a,0x269,0x7004f,0x7,0x26b,0x26a,
0x26a,0x2,0x3,0x50085,0x7,0x26c,0x268,0x26b,
0x50081,0x7,0x26f,0x26c,0x26e,0x3003e,0x267,0x26f,
0x4003d,0x7,0x271,0x267,0x6000c,0x7,0x272,0x1,
0x8,0x271,0x3003e,0x270,0x272,0x4003d,0x7,0x274,
0x270,0x50041,0x57,0x275,0x55,0x96,0x4003d,0x10,
0x276,0x275,0x7004f,0x7,0x277,0x276,0x276,0x0,
0x1,0x50085,0x7,0x278,0x274,0x277,0x3003e,0x273,
0x278,0x50041,0x57,0x27a,0x55,0x96,0x4003d,0x10,
0x27b,0x27a,0x7004f,0x7,0x27c,0x27b,0x27b,0x0,
0x1,0x3003e,0x279,0x27c,0x300f7,0x27e,0x0,0x400fa,
0x197,0x27d,0x27e,0x200f8,0x27d,0x4003d,0x7,0x280,
0x273,0x3003e,0x27f,0x280,0x50039,0x7,0x281,0xe,
0x27f,0x3003e,0x273,0x281,0x50041,0x57,0x282,0x55,
0x56,0x4003d,0x10,0x283,0x282,0x7004f,0x7,0x284,
0x283,0x283,0x2,0x3,0x4003d,0x7,0x285,0x279,
0x50085,0x7,0x286,0x285,0x284,0x3003e,0x279,0x286,
0x200f9,0x27e,0x200f8,0x27e,0x4003d,0x7,0x288,0x267,
0x4003d,0x7,0x289,0x270,0x4007f,0x7,0x28a,0x289,
0x50081,0x7,0x28b,0x288,0x28a,0x3003e,0x287,0x28b,
0x4003d,0x7,0x28e,0x273,0x3003e,0x28d,0x28e,0x50039,
0x10,0x28f,0x34,0x28d,0x3003e,0x28c,0x28f,0x50041,
0x1f,0x291,0x28c,0x163,0x4003d,0x6,0x292,0x291,
0x50041,0x1f,0x293,0x28c,0xeb,0x4003d,0x6,0x294,
0x293,0x50083,0x6,0x295,0x292,0x294,0x6000c,0x6,
0x296,0x1,0x4,0x295,0x4003d,0x15,0x297,0x208,
0x50041,0x1f,0x298,0x230,0x297,0x4003d,0x6,0x299,
0x298,0x50041,0x1f,0x29a,0x28c,0xeb,0x4003d,0x6,
0x29b,0x29a,0x50083,0x6,0x29c,0x299,0x29b,0x6000c,
0x6,0x29d,0x1,0x4,0x29c,0x50081,0x6,0x29e,
0x296,0x29d,0x4003d,0x15,0x29f,0x208,0x50041,0x1f,
0x2a0,0x230,0x29f,0x4003d,0x6,0x2a1,0x2a0,0x50041,
0x1f,0x2a2,0x28c,0x163,0x4003d,0x6,0x2a3,0x2a2,
0x50083,0x6,0x2a4,0x2a1,0x2a3,0x6000c,0x6,0x2a5,
0x1,0x4,0x2a4,0x50081,0x6,0x2a6,0x29e,0x2a5,
0x3003e,0x290,0x2a6,0x4003d,0x6,0x2a7,0x290,0x4003d,
0x6,0x2a8,0x209,0x500ba,0x80,0x2a9,0x2a7,0x2a8,
0x300f7,0x2ab,0x0,0x400fa,0x2a9,0x2aa,0x2ab,0x200f8,
0x2aa,0x50041,0x1f,0x2ac,0x279,0x12e,0x4003d,0x6,
0x2ad,0x2ac,0x50041,0x1f,0x2ae,0x273,0x12e,0x4003d,
0x6,0x2af,0x2ae,0x50081,0x6,0x2b0,0x2af,0x2ad,
0x50041,0x1f,0x2b1,0x273,0x12e,0x3003e,0x2b1,0x2b0,
0x4003d,0x7,0x2b3,0x273,0x50041,0x1f,0x2b4,0x279,
0x12e,0x4003d,0x6,0x2b5,0x2b4,0x50050,0x7,0x2b6,
0x2b5,0x5c,0x50081,0x7,0x2b7,0x2b3,0x2b6,0x3003e,
0x2b8,0x2b7,0x50039,0x10,0x2b9,0x34,0x2b8,0x3003e,
0x2b2,0x2b9,0x4003d,0x7,0x2bb,0x273,0x50041,0x1f,
0x2bc,0x279,0xeb,0x4003d,0x6,0x2bd,0x2bc,0x4007f,
0x6,0x2be,0x2bd,0x50050,0x7,0x2bf,0x5c,0x2be,
0x50081,0x7,0x2c0,0x2bb,0x2bf,0x3003e,0x2c1,0x2c0,
0x50039,0x10,0x2c2,0x34,0x2c1,0x7004f,0x7,0x2c3,
0x2c2,0x2c2,0x3,0x2,0x50041,0x1f,0x2c4,0x2ba,
0x12e,0x50051,0x6,0x2c5,0x2c3,0x0,0x3003e,0x2c4,
0x2c5,0x50041,0x1f,0x2c6,0x2ba,0xeb,0x50051,0x6,
0x2c7,0x2c3,0x1,0x3003e,0x2c6,0x2c7,0x4003d,0x7,
0x2c8,0x273,0x50041,0x1f,0x2c9,0x279,0xeb,0x4003d,
0x6,0x2ca,0x2c9,0x50050,0x7,0x2cb,0x5c,0x2ca,
0x50081,0x7,0x2cc,0x2c8,0x2cb,0x3003e,0x2cd,0x2cc,
0x50039,0x10,0x2ce,0x34,0x2cd,0x7004f,0x7,0x2cf,
0x2ce,0x2ce,0x1,0x0,0x50041,0x1f,0x2d0,0x2ba,
0x163,0x50051,0x6,0x2d1,0x2cf,0x0,0x3003e,0x2d0,
0x2d1,0x50041,0x1f,0x2d2,0x2ba,0x169,0x50051,0x6,
0x2d3,0x2cf,0x1,0x3003e,0x2d2,0x2d3,0x50041,0x1f,
0x2d5,0x28c,0xeb,0x4003d,0x6,0x2d6,0x2d5,0x50041,
0x1f,0x2d7,0x28c,0x163,0x4003d,0x6,0x2d8,0x2d7,
0x50081,0x6,0x2d9,0x2d6,0x2d8,0x50041,0x1f,0x2da,
0x2b2,0x12e,0x4003d,0x6,0x2db,0x2da,0x50081,0x6,
0x2dc,0x2d9,0x2db,0x50041,0x1f,0x2dd,0x2b2,0x169,
0x4003d,0x6,0x2de,0x2dd,0x50081,0x6,0x2df,0x2dc,
0x2de,0x50085,0x6,0x2e1,0x2df,0x2e0,0x3003e,0x2d4,
0x2e1,0x4003d,0x10,0x2e2,0x28c,0x4003d,0x6,0x2e3,
0x2d4,0x70050,0x10,0x2e4,0x2e3,0x2e3,0x2e3,0x2e3,
0x50083,0x10,0x2e5,0x2e2,0x2e4,0x3003e,0x28c,0x2e5,
0x4003d,0x10,0x2e6,0x2b2,0x4003d,0x6,0x2e7,0x2d4,
0x70050,0x10,0x2e8,0x2e7,0x2e7,0x2e7,0x2e7,0x50083,
0x10,0x2e9,0x2e6,0x2e8,0x3003e,0x2b2,0x2e9,0x4003d,
0x10,0x2ea,0x2ba,0x4003d,0x6,0x2eb,0x2d4,0x70050,
0x10,0x2ec,0x2eb,0x2eb,0x2eb,0x2eb,0x50083,0x10,
0x2ed,0x2ea,0x2ec,0x3003e,0x2ba,0x2ed,0x4003d,0x15,
0x2ee,0x208,0x50041,0x1f,0x2ef,0x230,0x2ee,0x4003d,
0x6,0x2f0,0x2ef,0x4003d,0x6,0x2f1,0x2d4,0x50083,
0x6,0x2f2,0x2f0,0x2f1,0x50041,0x1f,0x2f3,0x230,
0x169,0x3003e,0x2f3,0x2f2,0x50041,0x1f,0x2f5,0x28c,
0x12e,0x4003d,0x6,0x2f6,0x2f5,0x6000c,0x6,0x2f7,
0x1,0x4,0x2f6,0x50041,0x1f,0x2f8,0x28c,0xeb,
0x4003d,0x6,0x2f9,0x2f8,0x6000c,0x6,0x2fa,0x1,
0x4,0x2f9,0x50081,0x6,0x2fb,0x2f7,0x2fa,0x50041,
0x1f,0x2fc,0x28c,0x163,0x4003d,0x6,0x2fd,0x2fc,
0x6000c,0x6,0x2fe,0x1,0x4,0x2fd,0x50081,0x6,
0x2ff,0x2fb,0x2fe,0x50041,0x1f,0x300,0x28c,0x169,
0x4003d,0x6,0x301,0x300,0x6000c,0x6,0x302,0x1,
0x4,0x301,0x50081,0x6,0x303,0x2ff,0x302,0x50041,
0x1f,0x304,0x2b2,0x12e,0x4003d,0x6,0x305,0x304,
0x6000c,0x6,0x306,0x1,0x4,0x305,0x50041,0x1f,
0x307,0x2b2,0xeb,0x4003d,0x6,0x308,0x307,0x6000c,
0x6,0x309,0x1,0x4,0x308,0x50081,0x6,0x30a,
0x306,0x309,0x50041,0x1f,0x30b,0x2b2,0x163,0x4003d,
0x6,0x30c,0x30b,0x6000c,0x6,0x30d,0x1,0x4,
0x30c,0x50081,0x6,0x30e,0x30a,0x30d,0x50041,0x1f,
0x30f,0x2b2,0x169,0x4003d,0x6,0x310,0x30f,0x6000c,
0x6,0x311,0x1,0x4,0x310,0x50081,0x6,0x312,
0x30e,0x311,0x50081,0x6,0x313,0x303,0x312,0x50041,
0x1f,0x314,0x2ba,0x12e,0x4003d,0x6,0x315,0x314,
0x6000c,0x6,0x316,0x1,0x4,0x315,0x50041,0x1f,
0x317,0x2ba,0xeb,0x4003d,0x6,0x318,0x317,0x6000c,
0x6,0x319,0x1,0x4,0x318,0x50081,0x6,0x31a,
0x316,0x319,0x50041,0x1f,0x31b,0x2ba,0x163,0x4003d,
0x6,0x31c,0x31b,0x6000c,0x6,0x31d,0x1,0x4,
0x31c,0x50081,0x6,0x31e,0x31a,0x31d,0x50041,0x1f,
0x31f,0x2ba,0x169,0x4003d,0x6,0x320,0x31f,0x6000c,
0x6,0x321,0x1,0x4,0x320,0x50081,0x6,0x322,
0x31e,0x321,0x50081,0x6,0x323,0x313,0x322,0x3003e,
0x2f4,0x323,0x4003d,0x6,0x326,0x2f4,0x7000c,0x6,
0x328,0x1,0x28,0x326,0x327,0x50088,0x6,0x329,
0x325,0x328,0x3003e,0x324,0x329,0x4003d,0x6,0x32b,
0x324,0x4003d,0x6,0x32c,0x324,0x50085,0x6,0x32d,
0x32b,0x32c,0x4003d,0x10,0x32f,0x28c,0x3003e,0x32e,
0x32f,0x4003d,0x10,0x331,0x2b2,0x3003e,0x330,0x331,
0x60039,0x7,0x332,0x31,0x32e,0x330,0x50051,0x6,
0x333,0x332,0x0,0x50051,0x6,0x334,0x332,0x1,
0x60050,0x24,0x335,0x32d,0x333,0x334,0x3003e,0x32a,
0x335,0x50041,0x1f,0x337,0x287,0xeb,0x4003d,0x6,
0x338,0x337,0x50081,0x6,0x339,0x338,0x5e,0x50041,
0x1f,0x33b,0x287,0x12e,0x4003d,0x6,0x33c,0x33b,
0x3003e,0x33a,0x33c,0x3003e,0x33d,0x339,0x50041,0x1f,
0x33f,0x2ba,0x12e,0x4003d,0x6,0x340,0x33f,0x3003e,
0x33e,0x340,0x4003d,0x24,0x342,0x32a,0x3003e,0x341,
0x342,0x80039,0x7,0x343,0x2b,0x33a,0x33d,0x33e,
0x341,0x3003e,0x336,0x343,0x50041,0x1f,0x344,0x287,
0x12e,0x4003d,0x6,0x345,0x344,0x50083,0x6,0x346,
0x345,0x5e,0x50041,0x1f,0x347,0x287,0xeb,0x4003d,
0x6,0x348,0x347,0x50081,0x6,0x349,0x348,0x5e,
0x3003e,0x34a,0x346,0x3003e,0x34b,0x349,0x50041,0x1f,
0x34d,0x2ba,0xeb,0x4003d,0x6,0x34e,0x34d,0x3003e,
0x34c,0x34e,0x4003d,0x24,0x350,0x32a,0x3003e,0x34f,
0x350,0x80039,0x7,0x351,0x2b,0x34a,0x34b,0x34c,
0x34f,0x4003d,0x7,0x352,0x336,0x50081,0x7,0x353,
0x352,0x351,0x3003e,0x336,0x353,0x50041,0x1f,0x354,
0x287,0x12e,0x4003d,0x6,0x355,0x354,0x50083,0x6,
0x356,0x355,0x5e,0x50041,0x1f,0x357,0x287,0xeb,
0x4003d,0x6,0x358,0x357,0x50083,0x6,0x359,0x358,
0x5f,0x3003e,0x35a,0x356,0x3003e,0x35b,0x359,0x50041,
0x1f,0x35d,0x2ba,0x163,0x4003d,0x6,0x35e,0x35d,
0x3003e,0x35c,0x35e,0x4003d,0x24,0x360,0x32a,0x3003e,
0x35f,0x360,0x80039,0x7,0x361,0x2b,0x35a,0x35b,
0x35c,0x35f,0x4003d,0x7,0x362,0x336,0x50081,0x7,
0x363,0x362,0x361,0x3003e,0x336,0x363,0x50041,0x1f,
0x364,0x287,0xeb,0x4003d,0x6,0x365,0x364,0x50083,
0x6,0x366,0x365,0x5f,0x50041,0x1f,0x368,0x287,
0x12e,0x4003d,0x6,0x369,0x368,0x3003e,0x367,0x369,
0x3003e,0x36a,0x366,0x50041,0x1f,0x36c,0x2ba,0x169,
0x4003d,0x6,0x36d,0x36c,0x3003e,0x36b,0x36d,0x4003d,
0x24,0x36f,0x32a,0x3003e,0x36e,0x36f,0x80039,0x7,
0x370,0x2b,0x367,0x36a,0x36b,0x36e,0x4003d,0x7,
0x371,0x336,0x50081,0x7,0x372,0x371,0x370,0x3003e,
0x336,0x372,0x50041,0x1f,0x373,0x287,0x12e,0x4003d,
0x6,0x374,0x373,0x50081,0x6,0x375,0x374,0x5e,
0x50041,0x1f,0x376,0x287,0xeb,0x4003d,0x6,0x377,
0x376,0x50083,0x6,0x378,0x377,0x5e,0x3003e,0x379,
0x375,0x3003e,0x37a,0x378,0x50041,0x1f,0x37c,0x28c,
0x12e,0x4003d,0x6,0x37d,0x37c,0x3003e,0x37b,0x37d,
0x4003d,0x24,0x37f,0x32a,0x3003e,0x37e,0x37f,0x80039,
0x7,0x380,0x2b,0x379,0x37a,0x37b,0x37e,0x4003d,
0x7,0x381,0x336,0x50081,0x7,0x382,0x381,0x380,
0x3003e,0x336,0x382,0x50041,0x1f,0x383,0x287,0xeb,
0x4003d,0x6,0x384,0x383,0x50083,0x6,0x385,0x384,
0x5e,0x50041,0x1f,0x387,0x287,0x12e,0x4003d,0x6,
0x388,0x387,0x3003e,0x386,0x388,0x3003e,0x389,0x385,
0x50041,0x1f,0x38b,0x28c,0xeb,0x4003d,0x6,0x38c,
0x38b,0x3003e,0x38a,0x38c,0x4003d,0x24,0x38e,0x32a,
0x3003e,0x38d,0x38e,0x80039,0x7,0x38f,0x2b,0x386,
0x389,0x38a,0x38d,0x4003d,0x7,0x390,0x336,0x50081,
0x7,0x391,0x390,0x38f,0x3003e,0x336,0x391,0x50041,
0x1f,0x393,0x287,0x12e,0x4003d,0x6,0x394,0x393,
0x3003e,0x392,0x394,0x50041,0x1f,0x396,0x287,0xeb,
0x4003d,0x6,0x397,0x396,0x3003e,0x395,0x397,0x50041,
0x1f,0x399,0x28c,0x163,0x4003d,0x6,0x39a,0x399,
0x3003e,0x398,0x39a,0x4003d,0x24,0x39c,0x32a,0x3003e,
0x39b,0x39c,0x80039,0x7,0x39d,0x2b,0x392,0x395,
0x398,0x39b,0x4003d,0x7,0x39e,0x336,0x50081,0x7,
0x39f,0x39e,0x39d,0x3003e,0x336,0x39f,0x50041,0x1f,
0x3a0,0x287,0x12e,0x4003d,0x6,0x3a1,0x3a0,0x50081,
0x6,0x3a2,0x3a1,0x5e,0x3003e,0x3a3,0x3a2,0x50041,
0x1f,0x3a5,0x287,0xeb,0x4003d,0x6,0x3a6,0x3a5,
0x3003e,0x3a4,0x3a6,0x50041,0x1f,0x3a8,0x28c,0x169,
0x4003d,0x6,0x3a9,0x3a8,0x3003e,0x3a7,0x3a9,0x4003d,
0x24,0x3ab,0x32a,0x3003e,0x3aa,0x3ab,0x80039,0x7,
0x3ac,0x2b,0x3a3,0x3a4,0x3a7,0x3aa,0x4003d,0x7,
0x3ad,0x336,0x50081,0x7,0x3ae,0x3ad,0x3ac,0x3003e,
0x336,0x3ae,0x50041,0x1f,0x3af,0x287,0x12e,0x4003d,
0x6,0x3b0,0x3af,0x50083,0x6,0x3b1,0x3b0,0x5e,
0x50041,0x1f,0x3b2,0x287,0xeb,0x4003d,0x6,0x3b3,
0x3b2,0x50083,0x6,0x3b4,0x3b3,0x5e,0x3003e,0x3b5,
0x3b1,0x3003e,0x3b6,0x3b4,0x50041,0x1f,0x3b8,0x2b2,
0x12e,0x4003d,0x6,0x3b9,0x3b8,0x3003e,0x3b7,0x3b9,
0x4003d,0x24,0x3bb,0x32a,0x3003e,0x3ba,0x3bb,0x80039,
0x7,0x3bc,0x2b,0x3b5,0x3b6,0x3b7,0x3ba,0x4003d,
0x7,0x3bd,0x336,0x50081,0x7,0x3be,0x3bd,0x3bc,
0x3003e,0x336,0x3be,0x50041,0x1f,0x3bf,0x287,0x12e,
0x4003d,0x6,0x3c0,0x3bf,0x50083,0x6,0x3c1,0x3c0,
0x5f,0x50041,0x1f,0x3c2,0x287,0xeb,0x4003d,0x6,
0x3c3,0x3c2,0x50083,0x6,0x3c4,0x3c3,0x5e,0x3003e,
0x3c5,0x3c1,0x3003e,0x3c6,0x3c4,0x50041,0x1f,0x3c8,
0x2b2,0xeb,0x4003d,0x6,0x3c9,0x3c8,0x3003e,0x3c7,
0x3c9,0x4003d,0x24,0x3cb,0x32a,0x3003e,0x3ca,0x3cb,
0x80039,0x7,0x3cc,0x2b,0x3c5,0x3c6,0x3c7,0x3ca,
0x4003d,0x7,0x3cd,0x336,0x50081,0x7,0x3ce,0x3cd,
0x3cc,0x3003e,0x336,0x3ce,0x50041,0x1f,0x3cf,0x287,
0x12e,0x4003d,0x6,0x3d0,0x3cf,0x50083,0x6,0x3d1,
0x3d0,0x5f,0x3003e,0x3d2,0x3d1,0x50041,0x1f,0x3d4,
0x287,0xeb,0x4003d,0x6,0x3d5,0x3d4,0x3003e,0x3d3,
0x3d5,0x50041,0x1f,0x3d7,0x2b2,0x163,0x4003d,0x6,
0x3d8,0x3d7,0x3003e,0x3d6,0x3d8,0x4003d,0x24,0x3da,
0x32a,0x3003e,0x3d9,0x3da,0x80039,0x7,0x3db,0x2b,
0x3d2,0x3d3,0x3d6,0x3d9,0x4003d,0x7,0x3dc,0x336,
0x50081,0x7,0x3dd,0x3dc,0x3db,0x3003e,0x336,0x3dd,
0x50041,0x1f,0x3de,0x287,0x12e,0x4003d,0x6,0x3df,
0x3de,0x50083,0x6,0x3e0,0x3df,0x5e,0x3003e,0x3e1,
0x3e0,0x50041,0x1f,0x3e3,0x287,0xeb,0x4003d,0x6,
0x3e4,0x3e3,0x3003e,0x3e2,0x3e4,0x50041,0x1f,0x3e6,
0x2b2,0x169,0x4003d,0x6,0x3e7,0x3e6,0x3003e,0x3e5,
0x3e7,0x4003d,0x24,0x3e9,0x32a,0x3003e,0x3e8,0x3e9,
0x80039,0x7,0x3ea,0x2b,0x3e1,0x3e2,0x3e5,0x3e8,
0x4003d,0x7,0x3eb,0x336,0x50081,0x7,0x3ec,0x3eb,
0x3ea,0x3003e,0x336,0x3ec,0x50041,0x1f,0x3ee,0x336,
0xeb,0x4003d,0x6,0x3ef,0x3ee,0x50041,0x1f,0x3f0,
0x336,0x12e,0x4003d,0x6,0x3f1,0x3f0,0x50088,0x6,
0x3f2,0x3ef,0x3f1,0x3003e,0x3ed,0x3f2,0x50041,0x1f,
0x3f4,0x28c,0xeb,0x4003d,0x6,0x3f5,0x3f4,0x50041,
0x1f,0x3f6,0x28c,0x163,0x4003d,0x6,0x3f7,0x3f6,
0x7000c,0x6,0x3f8,0x1,0x28,0x3f5,0x3f7,0x50041,
0x1f,0x3f9,0x2b2,0x12e,0x4003d,0x6,0x3fa,0x3f9,
0x50041,0x1f,0x3fb,0x2b2,0x169,0x4003d,0x6,0x3fc,
0x3fb,0x7000c,0x6,0x3fd,0x1,0x28,0x3fa,0x3fc,
0x7000c,0x6,0x3fe,0x1,0x28,0x3f8,0x3fd,0x3003e,
0x3f3,0x3fe,0x50041,0x1f,0x400,0x28c,0xeb,0x4003d,
0x6,0x401,0x400,0x50041,0x1f,0x402,0x28c,0x163,
0x4003d,0x6,0x403,0x402,0x7000c,0x6,0x404,0x1,
0x25,0x401,0x403,0x50041,0x1f,0x405,0x2b2,0x12e,
0x4003d,0x6,0x406,0x405,0x50041,0x1f,0x407,0x2b2,
0x169,0x4003d,0x6,0x408,0x407,0x7000c,0x6,0x409,
0x1,0x25,0x406,0x408,0x7000c,0x6,0x40a,0x1,
0x25,0x404,0x409,0x3003e,0x3ff,0x40a,0x4003d,0x6,
0x40b,0x20b,0x4003d,0x6,0x40c,0x3ed,0x50085,0x6,
0x40d,0x40b,0x40c,0x4003d,0x6,0x40e,0x3ff,0x4003d,
0x6,0x40f,0x3f3,0x8000c,0x6,0x410,0x1,0x2b,
0x40d,0x40e,0x40f,0x3003e,0x3ed,0x410,0x4003d,0x6,
0x412,0x3ed,0x50041,0x1f,0x413,0x230,0x169,0x4003d,
0x6,0x414,0x413,0x50083,0x6,0x415,0x412,0x414,
0x3003e,0x411,0x415,0x4003d,0x6,0x416,0x411,0x8000c,
0x6,0x419,0x1,0x2b,0x416,0x417,0x418,0x3003e,
0x411,0x419,0x4003d,0x10,0x41a,0x22c,0x8004f,0x24,
0x41b,0x41a,0x41a,0x0,0x1,0x2,0x4003d,0x10,
0x41c,0x230,0x8004f,0x24,0x41d,0x41c,0x41c,0x0,
0x1,0x2,0x4003d,0x6,0x41e,0x411,0x60050,0x24,
0x41f,0x41e,0x41e,0x41e,0x50081,0x24,0x420,0x41d,
0x41f,0x60050,0x24,0x421,0x5c,0x5c,0x5c,0x60050,
0x24,0x422,0x5e,0x5e,0x5e,0x8000c,0x24,0x423,
0x1,0x2b,0x420,0x421,0x422,0x4003d,0x6,0x424,
0x255,0x60050,0x24,0x425,0x424,0x424,0x424,0x8000c,
0x24,0x426,0x1,0x2e,0x41b,0x423,0x425,0x50041,
0x1f,0x427,0x230,0x12e,0x50051,0x6,0x428,0x426,
0x0,0x3003e,0x427,0x428,0x50041,0x1f,0x429,0x230,
0xeb,0x50051,0x6,0x42a,0x426,0x1,0x3003e,0x429,
0x42a,0x50041,0x1f,0x42b,0x230,0x163,0x50051,0x6,
0x42c,0x426,0x2,0x3003e,0x42b,0x42c,0x200f9,0x2ab,
0x200f8,0x2ab,0x200f9,0x266,0x200f8,0x266,0x50041,0x1f,
0x42d,0x22c,0x169,0x4003d,0x6,0x42e,0x42d,0x50041,
0x1f,0x42f,0x230,0x169,0x3003e,0x42f,0x42e,0x4003d,
0x10,0x432,0x230,0x3003e,0x431,0x432,0x100fd,0x10038,
0x50036,0x10,0x3c,0x0,0x38,0x30037,0x8,0x39,
0x30037,0x8,0x3a,0x30037,0x8,0x3b,0x200f8,0x3d,
0x4003b,0x2d,0x438,0x7,0x4003b,0x8,0x43f,0x7,
0x300f7,0x434,0x0,0x400fa,0x197,0x433,0x434,0x200f8,
0x433,0x4003d,0x7c,0x435,0x7e,0x4003d,0x7,0x436,
0x39,0x70058,0x10,0x437,0x435,0x436,0x2,0x5c,
0x3003e,0x438,0x437,0x4003d,0x10,0x439,0x438,0x200fe,
0x439,0x200f8,0x434,0x4003d,0x7,0x43b,0x39,0x4003d,
0x7,0x43c,0x3a,0x4003d,0x7,0x43d,0x3b,0x8000c,
0x7,0x43e,0x1,0x2b,0x43b,0x43c,0x43d,0x3003e,
0x43f,0x43e,0x50039,0x10,0x440,0x13,0x43f,0x200fe,
0x440,0x10038,0x50036,0x6,0x40,0x0,0x3e,0x30037,
0x25,0x3f,0x200f8,0x41,0x4003b,0x25,0x446,0x7,
0x60041,0x20d,0x443,0x55,0x260,0xeb,0x4003d,0x6,
0x444,0x443,0x500ba,0x80,0x445,0x444,0x5c,0x300f7,
0x448,0x0,0x400fa,0x445,0x447,0x44b,0x200f8,0x447,
0x4003d,0x24,0x449,0x3f,0x8004f,0x24,0x44a,0x449,
0x449,0x2,0x1,0x0,0x3003e,0x446,0x44a,0x200f9,
0x448,0x200f8,0x44b,0x4003d,0x24,0x44c,0x3f,0x3003e,
0x446,0x44c,0x200f9,0x448,0x200f8,0x448,0x4003d,0x24,
0x44d,0x446,0x50094,0x6,0x452,0x44d,0x451,0x200fe,
0x452,0x10038,0x50036,0x10,0x46,0x0,0x42,0x30037,
0x8,0x43,0x30037,0x2d,0x44,0x30037,0x2d,0x45,
0x200f8,0x47,0x4003b,0x8,0x455,0x7,0x4003b,0x1f,
0x46c,0x7,0x4003b,0x1f,0x476,0x7,0x4003b,0x8,
0x47a,0x7,0x4003b,0x8,0x484,0x7,0x4003b,0x8,
0x48e,0x7,0x4003b,0x8,0x494,0x7,0x4003b,0x1f,
0x49c,0x7,0x4003b,0x8,0x4a2,0x7,0x4003b,0x8,
0x4a3,0x7,0x4003b,0x8,0x4a5,0x7,0x4003b,0x25,
0x4a8,0x7,0x4003b,0x1f,0x4ab,0x7,0x4003b,0x8,
0x4b1,0x7,0x4003b,0x8,0x4b2,0x7,0x4003b,0x8,
0x4b4,0x7,0x4003b,0x25,0x4b7,0x7,0x4003b,0x1f,
0x4ba,0x7,0x4003b,0x8,0x4c0,0x7,0x4003b,0x8,
0x4c1,0x7,0x4003b,0x8,0x4c3,0x7,0x4003b,0x25,
0x4c6,0x7,0x4003b,0x1f,0x4c9,0x7,0x4003b,0x8,
0x4cf,0x7,0x4003b,0x8,0x4d0,0x7,0x4003b,0x8,
0x4d2,0x7,0x4003b,0x25,0x4d5,0x7,0x4003b,0x1f,
0x4d8,0x7,0x4003b,0x25,0x4d9,0x7,0x4003b,0x1f,
0x4dd,0x7,0x4003b,0x1f,0x4e7,0x7,0x4003b,0x1f,
0x4f1,0x7,0x4003b,0x8,0x500,0x7,0x4003b,0x1f,
0x510,0x7,0x4003b,0x8,0x51c,0x7,0x4003b,0x25,
0x532,0x7,0x4003b,0x8,0x536,0x7,0x4003b,0x8,
0x537,0x7,0x4003b,0x8,0x539,0x7,0x4003b,0x8,
0x540,0x7,0x4003b,0x8,0x541,0x7,0x4003b,0x8,
0x543,0x7,0x4003b,0x1f,0x549,0x7,0x4003d,0x7,
0x456,0x43,0x50041,0x57,0x457,0x55,0x96,0x4003d,
0x10,0x458,0x457,0x7004f,0x7,0x459,0x458,0x458,
0x2,0x3,0x50085,0x7,0x45a,0x456,0x459,0x50041,
0x57,0x45b,0x55,0xdd,0x4003d,0x10,0x45c,0x45b,
0x7004f,0x7,0x45d,0x45c,0x45c,0x0,0x1,0x50083,
0x7,0x45e,0x45a,0x45d,0x50041,0x57,0x45f,0x55,
0xdd,0x4003d,0x10,0x460,0x45f,0x7004f,0x7,0x461,
0x460,0x460,0x2,0x3,0x50041,0x57,0x462,0x55,
0xdd,0x4003d,0x10,0x463,0x462,0x7004f,0x7,0x464,
0x463,0x463,0x0,0x1,0x50083,0x7,0x465,0x461,
0x464,0x50050,0x7,0x466,0x5e,0x5e,0x50081,0x7,
0x467,0x465,0x466,0x50088,0x7,0x468,0x45e,0x467,
0x5008e,0x7,0x469,0x468,0x5f,0x50050,0x7,0x46a,
0x5e,0x5e,0x50083,0x7,0x46b,0x469,0x46a,0x3003e,
0x455,0x46b,0x4003d,0x7,0x46d,0x455,0x4003d,0x7,
0x46e,0x455,0x50094,0x6,0x46f,0x46d,0x46e,0x3003e,
0x46c,0x46f,0x4003d,0x6,0x470,0x46c,0x500be,0x80,
0x471,0x470,0x257,0x300f7,0x473,0x0,0x400fa,0x471,
0x472,0x473,0x200f8,0x472,0x4003d,0x10,0x474,0x45,
0x200fe,0x474,0x200f8,0x473,0x4003d,0x6,0x477,0x46c,
0x8000c,0x6,0x478,0x1,0x31,0x256,0x257,0x477,
0x50083,0x6,0x479,0x5e,0x478,0x3003e,0x476,0x479,
0x50041,0x57,0x47b,0x55,0xdd,0x4003d,0x10,0x47c,
0x47b,0x7004f,0x7,0x47d,0x47c,0x47c,0x0,0x1,
0x50050,0x7,0x47e,0x4f,0x4f,0x50081,0x7,0x47f,
0x47d,0x47e,0x50041,0x57,0x480,0x55,0x96,0x4003d,
0x10,0x481,0x480,0x7004f,0x7,0x482,0x481,0x481,
0x0,0x1,0x50085,0x7,0x483,0x47f,0x482,0x3003e,
0x47a,0x483,0x50041,0x57,0x485,0x55,0xdd,0x4003d,
0x10,0x486,0x485,0x7004f,0x7,0x487,0x486,0x486,
0x2,0x3,0x50050,0x7,0x488,0x4f,0x4f,0x50081,
0x7,0x489,0x487,0x488,0x50041,0x57,0x48a,0x55,
0x96,0x4003d,0x10,0x48b,0x48a,0x7004f,0x7,0x48c,
0x48b,0x48b,0x0,0x1,0x50085,0x7,0x48d,0x489,
0x48c,0x3003e,0x484,0x48d,0x50041,0x57,0x48f,0x55,
0x96,0x4003d,0x10,0x490,0x48f,0x7004f,0x7,0x491,
0x490,0x490,0x0,0x1,0x3003e,0x48e,0x491,0x300f7,
0x493,0x0,0x400fa,0x197,0x492,0x493,0x200f8,0x492,
0x4003d,0x7,0x495,0x43,0x3003e,0x494,0x495,0x50039,
0x7,0x496,0xe,0x494,0x3003e,0x43,0x496,0x50041,
0x57,0x497,0x55,0x56,0x4003d,0x10,0x498,0x497,
0x7004f,0x7,0x499,0x498,0x498,0x2,0x3,0x4003d,
0x7,0x49a,0x48e,0x50085,0x7,0x49b,0x49a,0x499,
0x3003e,0x48e,0x49b,0x200f9,0x493,0x200f8,0x493,0x4003d,
0x7,0x49d,0x43,0x4003d,0x7,0x49f,0x48e,0x50085,
0x7,0x4a0,0x49e,0x49f,0x50081,0x7,0x4a1,0x49d,
0x4a0,0x3003e,0x4a2,0x4a1,0x4003d,0x7,0x4a4,0x47a,
0x3003e,0x4a3,0x4a4,0x4003d,0x7,0x4a6,0x484,0x3003e,
0x4a5,0x4a6,0x70039,0x10,0x4a7,0x3c,0x4a2,0x4a3,
0x4a5,0x8004f,0x24,0x4a9,0x4a7,0x4a7,0x0,0x1,
0x2,0x3003e,0x4a8,0x4a9,0x50039,0x6,0x4aa,0x40,
0x4a8,0x3003e,0x49c,0x4aa,0x4003d,0x7,0x4ac,0x43,
0x4003d,0x7,0x4ae,0x48e,0x50085,0x7,0x4af,0x4ad,
0x4ae,0x50081,0x7,0x4b0,0x4ac,0x4af,0x3003e,0x4b1,
0x4b0,0x4003d,0x7,0x4b3,0x47a,0x3003e,0x4b2,0x4b3,
0x4003d,0x7,0x4b5,0x484,0x3003e,0x4b4,0x4b5,0x70039,
0x10,0x4b6,0x3c,0x4b1,0x4b2,0x4b4,0x8004f,0x24,
0x4b8,0x4b6,0x4b6,0x0,0x1,0x2,0x3003e,0x4b7,
0x4b8,0x50039,0x6,0x4b9,0x40,0x4b7,0x3003e,0x4ab,
0x4b9,0x4003d,0x7,0x4bb,0x43,0x4003d,0x7,0x4bd,
0x48e,0x50085,0x7,0x4be,0x4bc,0x4bd,0x50081,0x7,
0x4bf,0x4bb,0x4be,0x3003e,0x4c0,0x4bf,0x4003d,0x7,
0x4c2,0x47a,0x3003e,0x4c1,0x4c2,0x4003d,0x7,0x4c4,
0x484,0x3003e,0x4c3,0x4c4,0x70039,0x10,0x4c5,0x3c,
0x4c0,0x4c1,0x4c3,0x8004f,0x24,0x4c7,0x4c5,0x4c5,
0x0,0x1,0x2,0x3003e,0x4c6,0x4c7,0x50039,0x6,
0x4c8,0x40,0x4c6,0x3003e,0x4ba,0x4c8,0x4003d,0x7,
0x4ca,0x43,0x4003d,0x7,0x4cc,0x48e,0x50085,0x7,
0x4cd,0x4cb,0x4cc,0x50081,0x7,0x4ce,0x4ca,0x4cd,
0x3003e,0x4cf,0x4ce,0x4003d,0x7,0x4d1,0x47a,0x3003e,
0x4d0,0x4d1,0x4003d,0x7,0x4d3,0x484,0x3003e,0x4d2,
0x4d3,0x70039,0x10,0x4d4,0x3c,0x4cf,0x4d0,0x4d2,
0x8004f,0x24,0x4d6,0x4d4,0x4d4,0x0,0x1,0x2,
0x3003e,0x4d5,0x4d6,0x50039,0x6,0x4d7,0x40,0x4d5,
0x3003e,0x4c9,0x4d7,0x4003d,0x10,0x4da,0x44,0x8004f,
0x24,0x4db,0x4da,0x4da,0x0,0x1,0x2,0x3003e,
0x4d9,0x4db,0x50039,0x6,0x4dc,0x40,0x4d9,0x3003e,
0x4d8,0x4dc,0x4003d,0x6,0x4de,0x4d8,0x4003d,0x6,
0x4df,0x49c,0x4003d,0x6,0x4e0,0x4ab,0x7000c,0x6,
0x4e1,0x1,0x25,0x4df,0x4e0,0x4003d,0x6,0x4e2,
0x4ba,0x4003d,0x6,0x4e3,0x4c9,0x7000c,0x6,0x4e4,
0x1,0x25,0x4e2,0x4e3,0x7000c,0x6,0x4e5,0x1,
0x25,0x4e1,0x4e4,0x7000c,0x6,0x4e6,0x1,0x25,
0x4de,0x4e5,0x3003e,0x4dd,0x4e6,0x4003d,0x6,0x4e8,
0x4d8,0x4003d,0x6,0x4e9,0x49c,0x4003d,0x6,0x4ea,
0x4ab,0x7000c,0x6,0x4eb,0x1,0x28,0x4e9,0x4ea,
0x4003d,0x6,0x4ec,0x4ba,0x4003d,0x6,0x4ed,0x4c9,
0x7000c,0x6,0x4ee,0x1,0x28,0x4ec,0x4ed,0x7000c,
0x6,0x4ef,0x1,0x28,0x4eb,0x4ee,0x7000c,0x6,
0x4f0,0x1,0x28,0x4e8,0x4ef,0x3003e,0x4e7,0x4f0,
0x4003d,0x6,0x4f2,0x4e7,0x4003d,0x6,0x4f3,0x4dd,
0x50083,0x6,0x4f4,0x4f2,0x4f3,0x3003e,0x4f1,0x4f4,
0x4003d,0x6,0x4f5,0x4f1,0x4003d,0x6,0x4f7,0x4e7,
0x50085,0x6,0x4f9,0x4f7,0x4f8,0x7000c,0x6,0x4fa,
0x1,0x28,0x4f6,0x4f9,0x500b8,0x80,0x4fb,0x4f5,
0x4fa,0x300f7,0x4fd,0x0,0x400fa,0x4fb,0x4fc,0x4fd,
0x200f8,0x4fc,0x4003d,0x10,0x4fe,0x45,0x200fe,0x4fe,
0x200f8,0x4fd,0x4003d,0x6,0x501,0x4ba,0x4003d,0x6,
0x502,0x4c9,0x50081,0x6,0x503,0x501,0x502,0x4003d,
0x6,0x504,0x49c,0x4003d,0x6,0x505,0x4ab,0x50081,
0x6,0x506,0x504,0x505,0x50083,0x6,0x507,0x503,
0x506,0x4003d,0x6,0x508,0x49c,0x4003d,0x6,0x509,
0x4ba,0x50081,0x6,0x50a,0x508,0x509,0x4003d,0x6,
0x50b,0x4ab,0x4003d,0x6,0x50c,0x4c9,0x50081,0x6,
0x50d,0x50b,0x50c,0x50083,0x6,0x50e,0x50a,0x50d,
0x50050,0x7,0x50f,0x507,0x50e,0x3003e,0x500,0x50f,
0x4003d,0x6,0x511,0x49c,0x4003d,0x6,0x512,0x4ab,
0x50081,0x6,0x513,0x511,0x512,0x4003d,0x6,0x514,
0x4ba,0x50081,0x6,0x515,0x513,0x514,0x4003d,0x6,
0x516,0x4c9,0x50081,0x6,0x517,0x515,0x516,0x50085,
0x6,0x519,0x517,0x518,0x7000c,0x6,0x51b,0x1,
0x28,0x519,0x51a,0x3003e,0x510,0x51b,0x4003d,0x7,
0x51d,0x500,0x50041,0x1f,0x51e,0x500,0x12e,0x4003d,
0x6,0x51f,0x51e,0x6000c,0x6,0x520,0x1,0x4,
0x51f,0x50041,0x1f,0x521,0x500,0xeb,0x4003d,0x6,
0x522,0x521,0x6000c,0x6,0x523,0x1,0x4,0x522,
0x7000c,0x6,0x524,0x1,0x25,0x520,0x523,0x4003d,
0x6,0x525,0x510,0x50081,0x6,0x526,0x524,0x525,
0x50050,0x7,0x527,0x526,0x526,0x50088,0x7,0x528,
0x51d,0x527,0x8000c,0x7,0x52c,0x1,0x2b,0x528,
0x52a,0x52b,0x4003d,0x7,0x52d,0x48e,0x50085,0x7,
0x52e,0x52c,0x52d,0x50050,0x7,0x530,0x52f,0x52f,
0x50088,0x7,0x531,0x52e,0x530,0x3003e,0x51c,0x531,
0x4003d,0x7,0x533,0x43,0x4003d,0x7,0x534,0x51c,
0x50083,0x7,0x535,0x533,0x534,0x3003e,0x536,0x535,
0x4003d,0x7,0x538,0x47a,0x3003e,0x537,0x538,0x4003d,
0x7,0x53a,0x484,0x3003e,0x539,0x53a,0x70039,0x10,
0x53b,0x3c,0x536,0x537,0x539,0x8004f,0x24,0x53c,
0x53b,0x53b,0x0,0x1,0x2,0x4003d,0x7,0x53d,
0x43,0x4003d,0x7,0x53e,0x51c,0x50081,0x7,0x53f,
0x53d,0x53e,0x3003e,0x540,0x53f,0x4003d,0x7,0x542,
0x47a,0x3003e,0x541,0x542,0x4003d,0x7,0x544,0x484,
0x3003e,0x543,0x544,0x70039,0x10,0x545,0x3c,0x540,
0x541,0x543,0x8004f,0x24,0x546,0x545,0x545,0x0,
0x1,0x2,0x50081,0x24,0x547,0x53c,0x546,0x5008e,
0x24,0x548,0x547,0x4f,0x3003e,0x532,0x548,0x4003d,
0x6,0x54a,0x4e7,0x50085,0x6,0x54b,0x54a,0x4f8,
0x7000c,0x6,0x54c,0x1,0x28,0x4f6,0x54b,0x4003d,
0x6,0x54e,0x4e7,0x50085,0x6,0x550,0x54e,0x54f,
0x7000c,0x6,0x551,0x1,0x28,0x54d,0x550,0x4003d,
0x6,0x552,0x4f1,0x8000c,0x6,0x553,0x1,0x31,
0x54c,0x551,0x552,0x3003e,0x549,0x553,0x4003d,0x10,
0x554,0x45,0x8004f,0x24,0x555,0x554,0x554,0x0,
0x1,0x2,0x4003d,0x24,0x556,0x532,0x4003d,0x6,
0x557,0x476,0x4003d,0x6,0x558,0x549,0x50085,0x6,
0x559,0x557,0x558,0x60050,0x24,0x55a,0x559,0x559,
0x559,0x8000c,0x24,0x55b,0x1,0x2e,0x555,0x556,
0x55a,0x50041,0x1f,0x55c,0x44,0x169,0x4003d,0x6,
0x55d,0x55c,0x50051,0x6,0x55e,0x55b,0x0,0x50051,
0x6,0x55f,0x55b,0x1,0x50051,0x6,0x560,0x55b,
0x2,0x70050,0x10,0x561,0x55e,0x55f,0x560,0x55d,
0x200fe,0x561,0x10038,0x50036,0x10,0x49,0x0,0x11,
0x30037,0x8,0x48,0x200f8,0x4a,0x4003b,0x8,0x56d,
0x7,0x4003b,0x8,0x577,0x7,0x4003b,0x8,0x581,
0x7,0x4003b,0x8,0x586,0x7,0x4003b,0x2d,0x589,
0x7,0x4003b,0x8,0x59c,0x7,0x4003b,0x2d,0x59e,
0x7,0x4003b,0x2d,0x5a0,0x7,0x4003b,0x8,0x5a3,
0x7,0x4003b,0x25,0x5ba,0x7,0x4003b,0x5bc,0x5bd,
0x7,0x4003b,0x1f,0x5d5,0x7,0x4003b,0x25,0x5e9,
0x7,0x50041,0x57,0x564,0x55,0xa0,0x4003d,0x10,
0x565,0x564,0x7004f,0x7,0x566,0x565,0x565,0x0,
0x1,0x4003d,0x7,0x567,0x48,0x50041,0x57,0x568,
0x55,0xa0,0x4003d,0x10,0x569,0x568,0x7004f,0x7,
0x56a,0x569,0x569,0x2,0x3,0x50085,0x7,0x56b,
0x567,0x56a,0x50081,0x7,0x56c,0x566,0x56b,0x3003e,
0x213,0x56c,0x50041,0x57,0x56e,0x55,0xdd,0x4003d,
0x10,0x56f,0x56e,0x7004f,0x7,0x570,0x56f,0x56f,
0x0,0x1,0x50050,0x7,0x571,0x4f,0x4f,0x50081,
0x7,0x572,0x570,0x571,0x50041,0x57,0x573,0x55,
0x96,0x4003d,0x10,0x574,0x573,0x7004f,0x7,0x575,
0x574,0x574,0x0,0x1,0x50085,0x7,0x576,0x572,
0x575,0x3003e,0x56d,0x576,0x50041,0x57,0x578,0x55,
0xdd,0x4003d,0x10,0x579,0x578,0x7004f,0x7,0x57a,
0x579,0x579,0x2,0x3,0x50050,0x7,0x57b,0x4f,
0x4f,0x50081,0x7,0x57c,0x57a,0x57b,0x50041,0x57,
0x57d,0x55,0x96,0x4003d,0x10,0x57e,0x57d,0x7004f,
0x7,0x57f,0x57e,0x57e,0x0,0x1,0x50085,0x7,
0x580,0x57c,0x57f,0x3003e,0x577,0x580,0x4003d,0x7,
0x582,0x213,0x4003d,0x7,0x583,0x56d,0x4003d,0x7,
0x584,0x577,0x8000c,0x7,0x585,0x1,0x2b,0x582,
0x583,0x584,0x3003e,0x581,0x585,0x4003d,0x7,0x587,
0x581,0x3003e,0x586,0x587,0x50039,0x10,0x588,0x13,
0x586,0x3003e,0x22e,0x588,0x4003d,0x10,0x58a,0x22e,
0x3003e,0x589,0x58a,0x60041,0x20d,0x58b,0x55,0x260,
0x12e,0x4003d,0x6,0x58c,0x58b,0x500ba,0x80,0x58d,
0x58c,0x5c,0x300f7,0x58f,0x0,0x400fa,0x58d,0x58e,
0x58f,0x200f8,0x58e,0x40039,0x2,0x590,0x36,0x4003d,
0x10,0x591,0x431,0x3003e,0x589,0x591,0x200f9,0x58f,
0x200f8,0x58f,0x300f7,0x594,0x0,0x400fa,0x592,0x593,
0x594,0x200f8,0x593,0x60041,0x20d,0x596,0x55,0x595,
0x163,0x4003d,0x6,0x597,0x596,0x500ba,0x80,0x598,
0x597,0x5c,0x200f9,0x594,0x200f8,0x594,0x700f5,0x80,
0x599,0x592,0x58f,0x598,0x593,0x300f7,0x59b,0x0,
0x400fa,0x599,0x59a,0x59b,0x200f8,0x59a,0x4003d,0x7,
0x59d,0x581,0x3003e,0x59c,0x59d,0x4003d,0x10,0x59f,
0x22e,0x3003e,0x59e,0x59f,0x4003d,0x10,0x5a1,0x589,
0x3003e,0x5a0,0x5a1,0x70039,0x10,0x5a2,0x46,0x59c,
0x59e,0x5a0,0x3003e,0x589,0x5a2,0x200f9,0x59b,0x200f8,
0x59b,0x4003d,0x7,0x5a4,0x581,0x50041,0x57,0x5a5,
0x55,0x96,0x4003d,0x10,0x5a6,0x5a5,0x7004f,0x7,
0x5a7,0x5a6,0x5a6,0x2,0x3,0x50085,0x7,0x5a8,
0x5a4,0x5a7,0x50041,0x57,0x5a9,0x55,0xdd,0x4003d,
0x10,0x5aa,0x5a9,0x7004f,0x7,0x5ab,0x5aa,0x5aa,
0x0,0x1,0x50083,0x7,0x5ac,0x5a8,0x5ab,0x50041,
0x57,0x5ad,0x55,0xdd,0x4003d,0x10,0x5ae,0x5ad,
0x7004f,0x7,0x5af,0x5ae,0x5ae,0x2,0x3,0x50041,
0x57,0x5b0,0x55,0xdd,0x4003d,0x10,0x5b1,0x5b0,
0x7004f,0x7,0x5b2,0x5b1,0x5b1,0x0,0x1,0x50083,
0x7,0x5b3,0x5af,0x5b2,0x50050,0x7,0x5b4,0x5e,
0x5e,0x50081,0x7,0x5b5,0x5b3,0x5b4,0x50088,0x7,
0x5b6,0x5ac,0x5b5,0x5008e,0x7,0x5b7,0x5b6,0x5f,
0x50050,0x7,0x5b8,0x5e,0x5e,0x50083,0x7,0x5b9,
0x5b7,0x5b8,0x3003e,0x5a3,0x5b9,0x3003e,0x5ba,0x5bb,
0x3003e,0x5bd,0x5be,0x60041,0x20d,0x5c0,0x55,0x5bf,
0x12e,0x4003d,0x6,0x5c1,0x5c0,0x500b4,0x80,0x5c2,
0x5c1,0x5f,0x300f7,0x5c4,0x0,0x400fa,0x5c2,0x5c3,
0x5c4,0x200f8,0x5c3,0x60041,0x20d,0x5c5,0x55,0x260,
0x12e,0x4003d,0x6,0x5c6,0x5c5,0x500ba,0x80,0x5c7,
0x5c6,0x5c,0x400a8,0x80,0x5c8,0x5c7,0x300f7,0x5ca,
0x0,0x400fa,0x5c8,0x5c9,0x5ca,0x200f8,0x5c9,0x300f7,
0x5cc,0x0,0x400fa,0x592,0x5cb,0x5cc,0x200f8,0x5cb,
0x60041,0x20d,0x5cd,0x55,0x595,0x163,0x4003d,0x6,
0x5ce,0x5cd,0x500ba,0x80,0x5cf,0x5ce,0x5c,0x200f9,
0x5cc,0x200f8,0x5cc,0x700f5,0x80,0x5d0,0x592,0x5c9,
0x5cf,0x5cb,0x200f9,0x5ca,0x200f8,0x5ca,0x700f5,0x80,
0x5d1,0x5c7,0x5c3,0x5d0,0x5cc,0x200f9,0x5c4,0x200f8,
0x5c4,0x700f5,0x80,0x5d2,0x5c2,0x59b,0x5d1,0x5ca,
0x300f7,0x5d4,0x0,0x400fa,0x5d2,0x5d3,0x5d4,0x200f8,
0x5d3,0x4003d,0x7,0x5d6,0x5a3,0x4003d,0x7,0x5d7,
0x5a3,0x50094,0x6,0x5d8,0x5d6,0x5d7,0x8000c,0x6,
0x5d9,0x1,0x31,0x256,0x257,0x5d8,0x50083,0x6,
0x5da,0x5e,0x5d9,0x3003e,0x5d5,0x5da,0x4003d,0x6,
0x5dd,0x5d5,0x60050,0x24,0x5de,0x5dd,0x5dd,0x5dd,
0x8000c,0x24,0x5df,0x1,0x2e,0x5db,0x5dc,0x5de,
0x3003e,0x5ba,0x5df,0x3003e,0x5bd,0x5e0,0x200f9,0x5d4,
0x200f8,0x5d4,0x4003d,0x80,0x5e1,0x5bd,0x300f7,0x5e3,
0x0,0x400fa,0x5e1,0x5e2,0x5e3,0x200f8,0x5e2,0x4003d,
0x10,0x5e4,0x589,0x8004f,0x24,0x5e5,0x5e4,0x5e4,
0x0,0x1,0x2,0x60041,0x20d,0x5e6,0x55,0x260,
0xeb,0x4003d,0x6,0x5e7,0x5e6,0x500ba,0x80,0x5e8,
0x5e7,0x5c,0x300f7,0x5eb,0x0,0x400fa,0x5e8,0x5ea,
0x5ee,0x200f8,0x5ea,0x4003d,0x24,0x5ec,0x5ba,0x8004f,
0x24,0x5ed,0x5ec,0x5ec,0x2,0x1,0x0,0x3003e,
0x5e9,0x5ed,0x200f9,0x5eb,0x200f8,0x5ee,0x4003d,0x24,
0x5ef,0x5ba,0x3003e,0x5e9,0x5ef,0x200f9,0x5eb,0x200f8,
0x5eb,0x4003d,0x24,0x5f0,0x5e9,0x60050,0x24,0x5f2,
0x5f1,0x5f1,0x5f1,0x8000c,0x24,0x5f3,0x1,0x2e,
0x5e5,0x5f0,0x5f2,0x50041,0x1f,0x5f4,0x589,0x12e,
0x50051,0x6,0x5f5,0x5f3,0x0,0x3003e,0x5f4,0x5f5,
0x50041,0x1f,0x5f6,0x589,0xeb,0x50051,0x6,0x5f7,
0x5f3,0x1,0x3003e,0x5f6,0x5f7,0x50041,0x1f,0x5f8,
0x589,0x163,0x50051,0x6,0x5f9,0x5f3,0x2,0x3003e,
0x5f8,0x5f9,0x200f9,0x5e3,0x200f8,0x5e3,0x4003d,0x10,
0x5fa,0x589,0x200fe,0x5fa,0x10038,0x50036,0x24,0x4d,
0x0,0x4b,0x30037,0x25,0x4c,0x200f8,0x4e,0x4003d,
0x24,0x5fd,0x4c,0x60050,0x24,0x5ff,0x5fe,0x5fe,
0x5fe,0x50088,0x24,0x600,0x5fd,0x5ff,0x4003d,0x24,
0x601,0x4c,0x60050,0x24,0x603,0x602,0x602,0x602,
0x50081,0x24,0x604,0x601,0x603,0x60050,0x24,0x606,
0x605,0x605,0x605,0x50088,0x24,0x607,0x604,0x606,
0x7000c,0x24,0x60a,0x1,0x1a,0x607,0x609,0x4003d,
0x24,0x60b,0x4c,0x500ba,0x60e,0x60f,0x60b,0x60d,
0x600a9,0x24,0x610,0x60f,0x60a,0x600,0x200fe,0x610,
0x10038,
};
}
